chunk,record,target_done,reference_checked,note
0,1,1,1,
0,2,1,1,
0,3,1,1,
0,4,1,1,
0,5,1,1,
0,6,1,1,
0,7,1,1,
0,8,1,1,
0,9,1,1,
0,10,1,1,
0,11,1,1,
0,12,1,1,
0,13,1,1,
0,14,1,1,
0,15,1,1,
0,16,1,1,
0,17,1,1,
0,18,1,1,
0,19,1,1,
0,20,1,1,
0,21,1,1,
0,22,1,1,
0,23,1,1,
0,24,1,1,
0,25,1,1,
0,26,1,1,
0,27,1,1,
0,28,1,1,
0,29,1,1,
0,30,1,1,
0,31,1,1,
0,32,1,1,
0,33,1,1,
0,34,1,1,
0,35,1,1,
0,36,1,1,
0,37,1,1,
0,38,1,1,
0,39,1,1,
0,40,1,1,
0,41,1,1,
0,42,1,1,
0,43,1,1,
0,44,1,1,
0,45,1,1,
0,46,1,1,
0,47,1,1,
0,48,1,1,
0,49,1,1,
0,50,1,1,
0,51,1,1,
0,52,1,1,
0,53,1,1,
0,54,1,1,
0,55,1,1,
0,56,1,1,
0,57,1,1,
0,58,1,1,
0,59,1,1,
0,60,1,1,
0,61,1,1,
0,62,1,1,
0,63,1,1,
0,64,1,1,
0,65,1,1,
0,66,1,1,
0,67,1,1,
0,68,1,1,
0,69,1,1,
0,70,1,1,
0,71,1,1,
0,72,1,1,
0,73,1,1,
0,74,1,1,
0,75,1,1,
0,76,1,1,
0,77,1,1,
0,78,1,1,
0,79,1,1,
0,80,1,1,
0,81,1,1,
0,82,1,1,
0,83,1,1,
0,84,1,1,
0,85,1,1,
0,86,1,1,
0,87,1,1,
0,88,1,1,
0,89,1,1,
0,90,1,1,
0,91,1,1,
0,92,1,1,
0,93,1,1,
0,94,1,1,
0,95,1,1,
0,96,1,1,
0,97,1,1,
0,98,1,1,
0,99,1,1,
0,100,1,1,
0,101,1,1,
0,102,1,1,
0,103,1,1,
0,104,1,1,
0,105,1,1,
0,106,1,1,
0,107,1,1,
0,108,1,1,
0,109,1,1,
0,110,1,1,
0,111,1,1,
0,112,1,1,
0,113,1,1,
0,114,1,1,
0,115,1,1,
0,116,1,1,
0,117,1,1,
0,118,1,1,
0,119,1,1,
0,120,1,1,
0,121,1,1,
0,122,1,1,
0,123,1,1,
0,124,1,1,
0,125,1,1,
0,126,1,1,
0,127,1,1,
0,128,1,1,
0,129,1,1,
0,130,1,1,
0,131,1,1,
0,132,1,1,
0,133,1,1,
0,134,1,1,
0,135,1,1,
0,136,1,1,
0,137,1,1,
0,138,1,1,
0,139,1,1,
0,140,1,1,
0,141,1,1,
0,142,1,1,
0,143,1,1,
0,144,1,1,
0,145,1,1,
0,146,1,1,
0,147,1,1,
0,148,1,1,
0,149,1,1,
0,150,1,1,
0,151,1,1,
0,152,1,1,
0,153,1,1,
0,154,1,1,
0,155,1,1,
0,156,1,1,
0,157,1,1,
0,158,1,1,
0,159,1,1,
0,160,1,1,
0,161,1,1,
0,162,1,1,
0,163,1,1,
0,164,1,1,
0,165,1,1,
0,166,1,1,
0,167,1,1,
0,168,1,1,
0,169,1,1,
0,170,1,1,
0,171,1,1,
0,172,1,1,
0,173,1,1,
0,174,1,1,
0,175,1,1,
0,176,1,1,
0,177,1,1,
0,178,1,1,
0,179,1,1,
0,180,1,1,
0,181,1,1,
0,182,1,1,
0,183,1,1,
0,184,1,1,
0,185,1,1,
0,186,1,1,
0,187,1,1,
0,188,1,1,
0,189,1,1,
0,190,1,1,
0,191,1,1,
0,192,1,1,
0,193,1,1,
0,194,1,1,
0,195,1,1,
0,196,1,1,
0,197,1,1,
0,198,1,1,
0,199,1,1,
0,200,1,1,
0,201,1,1,
0,202,1,1,
0,203,1,1,
0,204,1,1,
1,1,1,1,
1,2,1,1,
1,3,1,1,
1,4,1,1,
1,5,1,1,
1,6,1,1,
1,7,1,1,
1,8,1,1,
1,9,1,1,
1,10,1,1,
1,11,1,1,
1,12,1,1,
1,13,1,1,
1,14,1,1,
1,15,1,1,
1,16,1,1,
1,17,1,1,
1,18,1,1,
1,19,1,1,
1,20,1,1,
1,21,1,1,
1,22,1,1,
1,23,1,1,
1,24,1,1,
1,25,1,1,
1,26,1,1,
1,27,1,1,
1,28,1,1,
1,29,1,1,
1,30,1,1,
1,31,1,1,
1,32,1,1,
1,33,1,1,
1,34,1,1,
1,35,1,1,
1,36,1,1,
1,37,1,1,
1,38,1,1,
1,39,1,1,
1,40,1,1,
1,41,1,1,
1,42,1,1,
1,43,1,1,
1,44,1,1,
1,45,1,1,
1,46,1,1,
1,47,1,1,
1,48,1,1,
1,49,1,1,
1,50,1,1,
1,51,1,1,
1,52,1,1,
1,53,1,1,
1,54,1,1,
1,55,1,1,
1,56,1,1,
1,57,1,1,
1,58,1,1,
1,59,1,1,
1,60,1,1,
1,61,1,1,
1,62,1,1,
1,63,1,1,
1,64,1,1,
1,65,1,1,
1,66,1,1,
1,67,1,1,
1,68,1,1,
1,69,1,1,
1,70,1,1,
1,71,1,1,
1,72,1,1,
1,73,1,1,
1,74,1,1,
1,75,1,1,
1,76,1,1,
1,77,1,1,
1,78,1,1,
1,79,1,1,
1,80,1,1,
1,81,1,1,
1,82,1,1,
1,83,1,1,
1,84,1,1,
1,85,1,1,
1,86,1,1,
1,87,1,1,
1,88,1,1,
1,89,1,1,
1,90,1,1,
1,91,1,1,
1,92,1,1,
1,93,1,1,
1,94,1,1,
1,95,1,1,
1,96,1,1,
1,97,1,1,
1,98,1,1,
1,99,1,1,
1,100,1,1,
1,101,1,1,
1,102,1,1,
1,103,1,1,
1,104,1,1,
1,105,1,1,
1,106,1,1,
1,107,1,1,
1,108,1,1,
1,109,1,1,
1,110,1,1,
1,111,1,1,
1,112,1,1,
1,113,1,1,
1,114,1,1,
1,115,1,1,
1,116,1,1,
1,117,1,1,
1,118,1,1,
1,119,1,1,
1,120,1,1,
1,121,1,1,
1,122,1,1,
1,123,1,1,
2,1,1,1,
2,2,1,1,
2,3,1,1,
2,4,1,1,
2,5,1,1,
2,6,1,1,
2,7,1,1,
2,8,1,1,
2,9,1,1,
2,10,1,1,
2,11,1,1,
2,12,1,1,
2,13,1,1,
2,14,1,1,
2,15,1,1,
2,16,1,1,
2,17,1,1,
2,18,1,1,
2,19,1,1,
2,20,1,1,
2,21,1,1,
2,22,1,1,
2,23,1,1,
2,24,1,1,
2,25,1,1,
2,26,1,1,
2,27,1,1,
2,28,1,1,
2,29,1,1,
2,30,1,1,
2,31,1,1,
2,32,1,1,
2,33,1,1,
2,34,1,1,
2,35,1,1,
2,36,1,1,
2,37,1,1,
2,38,1,1,
2,39,1,1,
2,40,1,1,
2,41,1,1,
2,42,1,1,
2,43,1,1,
2,44,1,1,
2,45,1,1,
2,46,1,1,
2,47,1,1,
2,48,1,1,
2,49,1,1,
2,50,1,1,
2,51,1,1,
2,52,1,1,
2,53,1,1,
2,54,1,1,
2,55,1,1,
2,56,1,1,
2,57,1,1,
2,58,1,1,
2,59,1,1,
2,60,1,1,
2,61,1,1,
2,62,1,1,
2,63,1,1,
2,64,1,1,
2,65,1,1,
2,66,1,1,
2,67,1,1,
2,68,1,1,
2,69,1,1,
2,70,1,1,
2,71,1,1,
2,72,1,1,
2,73,1,1,
2,74,1,1,
2,75,1,1,
2,76,1,1,
2,77,1,1,
2,78,1,1,
2,79,1,1,
2,80,1,1,
2,81,1,1,
2,82,1,1,
2,83,1,1,
2,84,1,1,
2,85,1,1,
2,86,1,1,
2,87,1,1,
2,88,1,1,
2,89,1,1,
2,90,1,1,
2,91,1,1,
2,92,1,1,
2,93,1,1,
2,94,1,1,
2,95,1,1,
2,96,1,1,
2,97,1,1,
2,98,1,1,
2,99,1,1,
2,100,1,1,
2,101,1,1,
2,102,1,1,
2,103,1,1,
2,104,1,1,
2,105,1,1,
2,106,1,1,
2,107,1,1,
2,108,1,1,
2,109,1,1,
2,110,1,1,
2,111,1,1,
2,112,1,1,
2,113,1,1,
2,114,1,1,
2,115,1,1,
2,116,1,1,
2,117,1,1,
2,118,1,1,
2,119,1,1,
2,120,1,1,
2,121,1,1,
2,122,1,1,
2,123,1,1,
2,124,1,1,
2,125,1,1,
2,126,1,1,
2,127,1,1,
2,128,1,1,
2,129,1,1,
2,130,1,1,
2,131,1,1,
2,132,1,1,
2,133,1,1,
2,134,1,1,
2,135,1,1,
37,1,1,1,
37,2,1,1,
37,3,1,1,
37,4,1,1,
37,5,1,1,
37,6,1,1,
37,7,1,1,
37,8,1,1,
37,9,1,1,
37,10,1,1,
37,11,1,1,
37,12,1,1,
37,13,1,1,
37,14,1,1,
37,15,1,1,
37,16,1,1,
37,17,1,1,
37,18,1,1,
37,19,1,1,
37,20,1,1,
37,21,1,1,
37,22,1,1,
37,23,1,1,
37,24,1,1,
37,25,1,1,
37,26,1,1,
37,27,1,1,
37,28,1,1,
37,29,1,1,
37,30,1,1,
37,31,1,1,
37,32,1,1,
37,33,1,1,
37,34,1,1,
37,35,1,1,
37,36,1,1,
37,37,1,1,
45,1,1,1,
45,2,1,1,
45,3,1,1,
45,4,1,1,
45,5,1,1,
45,6,1,1,
45,7,1,1,
45,8,1,1,
45,9,1,1,
45,10,1,1,
45,11,1,1,
45,12,1,1,
45,13,1,1,
45,14,1,1,
45,15,1,1,
45,16,1,1,
45,17,1,1,
45,18,1,1,
45,19,1,1,
45,20,1,1,
45,21,1,1,
45,22,1,1,
45,23,1,1,
45,24,1,1,
45,25,1,1,
45,26,1,1,
45,27,1,1,
45,28,1,1,
45,29,1,1,
45,30,1,1,
45,31,1,1,
45,32,1,1,
45,33,1,1,
45,34,1,1,
45,35,1,1,
45,36,1,1,
45,37,1,1,
45,38,1,1,
45,39,1,1,
45,40,1,1,
45,41,1,1,
45,42,1,1,
45,43,1,1,
45,44,1,1,
45,45,1,1,
45,46,1,1,
45,47,1,1,
45,48,1,1,
45,49,1,1,
45,50,1,1,
45,51,1,1,
46,1,1,1,
46,2,1,1,
46,3,1,1,
46,4,1,1,
46,5,1,1,
46,6,1,1,
46,7,1,1,
46,8,1,1,
46,9,1,1,
46,10,1,1,
46,11,1,1,
46,12,1,1,
46,13,1,1,
46,14,1,1,
46,15,1,1,
46,16,1,1,
46,17,1,1,
46,18,1,1,
87,1,1,1,
87,2,1,1,
87,3,1,1,
87,4,1,1,
87,5,1,1,
87,6,1,1,
87,7,1,1,
87,8,1,1,
87,9,1,1,
87,10,1,1,
87,11,1,1,
87,12,1,1,
87,13,1,1,
87,14,1,1,
87,15,1,1,
87,16,1,1,
87,17,1,1,
87,18,1,1,
87,19,1,1,
87,20,1,1,
87,21,1,1,
87,22,1,1,
87,23,1,1,
87,24,1,1,
87,25,1,1,
87,26,1,1,
87,27,1,1,
87,28,1,1,
87,29,1,1,
87,30,1,1,
87,31,1,1,
87,32,1,1,
87,33,1,1,
87,34,1,1,
87,35,1,1,
87,36,1,1,
87,37,1,1,
87,38,1,1,
87,39,1,1,
87,40,1,1,
87,41,1,1,
87,42,1,1,
87,43,1,1,
87,44,1,1,
87,45,1,1,
87,46,1,1,
87,47,1,1,
87,48,1,1,
88,1,1,1,
88,2,1,1,
88,3,1,1,
88,4,1,1,
88,5,1,1,
88,6,1,1,
88,7,1,1,
88,8,1,1,
88,9,1,1,
88,10,1,1,
88,11,1,1,
88,12,1,1,
88,13,1,1,
88,14,1,1,
88,15,1,1,
88,16,1,1,
88,17,1,1,
88,18,1,1,
88,19,1,1,
88,20,1,1,
88,21,1,1,
88,22,1,1,
88,23,1,1,
88,24,1,1,
88,25,1,1,
88,26,1,1,
88,27,1,1,
88,28,1,1,
88,29,1,1,
88,30,1,1,
88,31,1,1,
88,32,1,1,
88,33,1,1,
88,34,1,1,
88,35,1,1,
88,36,1,1,
88,37,1,1,
88,38,1,1,
88,39,1,1,
88,40,1,1,
88,41,1,1,
88,42,1,1,
88,43,1,1,
88,44,1,1,
88,45,1,1,
88,46,1,1,
88,47,1,1,
88,48,1,1,
88,49,1,1,
88,50,1,1,
88,51,1,1,
88,52,1,1,
88,53,1,1,
88,54,1,1,
88,55,1,1,
88,56,1,1,
88,57,1,1,
88,58,1,1,
88,59,1,1,
3,1,1,1,
3,2,1,1,
3,3,1,1,
3,4,1,1,
3,5,1,1,
3,6,1,1,
3,7,1,1,
3,8,1,1,
3,9,1,1,
3,10,1,1,
3,11,1,1,
3,12,1,1,
3,13,1,1,
3,14,1,1,
3,15,1,1,
3,16,1,1,
3,17,1,1,
3,18,1,1,
3,19,1,1,
3,20,1,1,
3,21,1,1,
3,22,1,1,
3,23,1,1,
3,24,1,1,
3,25,1,1,
3,26,1,1,
3,27,1,1,
3,28,1,1,
3,29,1,1,
3,30,1,1,
3,31,1,1,
3,32,1,1,
3,33,1,1,
3,34,1,1,
3,35,1,1,
3,36,1,1,
3,37,1,1,
3,38,1,1,
3,39,1,1,
3,40,1,1,
3,41,1,1,
3,42,1,1,
3,43,1,1,
3,44,1,1,
3,45,1,1,
3,46,1,1,
3,47,1,1,
3,48,1,1,
3,49,1,1,
3,50,1,1,
3,51,1,1,
3,52,1,1,
3,53,1,1,
3,54,1,1,
3,55,1,1,
3,56,1,1,
3,57,1,1,
3,58,1,1,
3,59,1,1,
3,60,1,1,
3,61,1,1,
3,62,1,1,
3,63,1,1,
3,64,1,1,
3,65,1,1,
3,66,1,1,
3,67,1,1,
3,68,1,1,
3,69,1,1,
3,70,1,1,
3,71,1,1,
3,72,1,1,
3,73,1,1,
3,74,1,1,
3,75,1,1,
3,76,1,1,
3,77,1,1,
3,78,1,1,
3,79,1,1,
3,80,1,1,
3,81,1,1,
3,82,1,1,
3,83,1,1,
3,84,1,1,
3,85,1,1,
3,86,1,1,
3,87,1,1,
3,88,1,1,
3,89,1,1,
3,90,1,1,
3,91,1,1,
3,92,1,1,
3,93,1,1,
3,94,1,1,
3,95,1,1,
3,96,1,1,
3,97,1,1,
3,98,1,1,
3,99,1,1,
3,100,1,1,
3,101,1,1,
3,102,1,1,
3,103,1,1,
3,104,1,1,
3,105,1,1,
3,106,1,1,
3,107,1,1,
3,108,1,1,
3,109,1,1,
3,110,1,1,
3,111,1,1,
3,112,1,1,
3,113,1,1,
3,114,1,1,
3,115,1,1,
3,116,1,1,
3,117,1,1,
3,118,1,1,
3,119,1,1,
3,120,1,1,
3,121,1,1,
3,122,1,1,
3,123,1,1,
3,124,1,1,
3,125,1,1,
3,126,1,1,
3,127,1,1,
3,128,1,1,
3,129,1,1,
3,130,1,1,
3,131,1,1,
3,132,1,1,
3,133,1,1,
3,134,1,1,
3,135,1,1,
3,136,1,1,
3,137,1,1,
3,138,1,1,
3,139,1,1,
3,140,1,1,
3,141,1,1,
3,142,1,1,
3,143,1,1,
3,144,1,1,
3,145,1,1,
3,146,1,1,
3,147,1,1,
3,148,1,1,
3,149,1,1,
3,150,1,1,
3,151,1,1,
47,1,1,1,
47,2,1,1,
47,3,1,1,
47,4,1,1,
47,5,1,1,
47,6,1,1,
47,7,1,1,
47,8,1,1,
47,9,1,1,
47,10,1,1,
47,11,1,1,
47,12,1,1,
47,13,1,1,
47,14,1,1,
47,15,1,1,
47,16,1,1,
47,17,1,1,
47,18,1,1,
47,19,1,1,
47,20,1,1,
47,21,1,1,
47,22,1,1,
47,23,1,1,
47,24,1,1,
47,25,1,1,
47,26,1,1,
47,27,1,1,
47,28,1,1,
47,29,1,1,
47,30,1,1,
47,31,1,1,
47,32,1,1,
47,33,1,1,
47,34,1,1,
47,35,1,1,
47,36,1,1,
47,37,1,1,
47,38,1,1,
47,39,1,1,
47,40,1,1,
47,41,1,1,
47,42,1,1,
47,43,1,1,
47,44,1,1,
47,45,1,1,
47,46,1,1,
47,47,1,1,
89,1,1,1,
89,2,1,1,
89,3,1,1,
89,4,1,1,
89,5,1,1,
89,6,1,1,
89,7,1,1,
89,8,1,1,
89,9,1,1,
89,10,1,1,
89,11,1,1,
89,12,1,1,
89,13,1,1,
89,14,1,1,
89,15,1,1,
89,16,1,1,
89,17,1,1,
89,18,1,1,
89,19,1,1,
89,20,1,1,
89,21,1,1,
89,22,1,1,
89,23,1,1,
89,24,1,1,
89,25,1,1,
89,26,1,1,
89,27,1,1,
89,28,1,1,
89,29,1,1,
89,30,1,1,
89,31,1,1,
89,32,1,1,
89,33,1,1,
89,34,1,1,
89,35,1,1,
89,36,1,1,
4,1,1,1,
4,2,1,1,
4,3,1,1,
4,4,1,1,
4,5,1,1,
4,6,1,1,
4,7,1,1,
4,8,1,1,
4,9,1,1,
4,10,1,1,
4,11,1,1,
4,12,1,1,
4,13,1,1,
4,14,1,1,
4,15,1,1,
4,16,1,1,
4,17,1,1,
4,18,1,1,
4,19,1,1,
4,20,1,1,
4,21,1,1,
4,22,1,1,
4,23,1,1,
4,24,1,1,
4,25,1,1,
4,26,1,1,
4,27,1,1,
4,28,1,1,
4,29,1,1,
4,30,1,1,
4,31,1,1,
4,32,1,1,
4,33,1,1,
4,34,1,1,
4,35,1,1,
4,36,1,1,
4,37,1,1,
4,38,1,1,
4,39,1,1,
4,40,1,1,
4,41,1,1,
4,42,1,1,
4,43,1,1,
4,44,1,1,
4,45,1,1,
4,46,1,1,
4,47,1,1,
4,48,1,1,
4,49,1,1,
4,50,1,1,
4,51,1,1,
4,52,1,1,
4,53,1,1,
4,54,1,1,
4,55,1,1,
4,56,1,1,
4,57,1,1,
4,58,1,1,
4,59,1,1,
4,60,1,1,
4,61,1,1,
4,62,1,1,
4,63,1,1,
4,64,1,1,
4,65,1,1,
4,66,1,1,
4,67,1,1,
4,68,1,1,
4,69,1,1,
4,70,1,1,
4,71,1,1,
4,72,1,1,
4,73,1,1,
4,74,1,1,
4,75,1,1,
4,76,1,1,
4,77,1,1,
4,78,1,1,
4,79,1,1,
4,80,1,1,
4,81,1,1,
4,82,1,1,
4,83,1,1,
4,84,1,1,
4,85,1,1,
4,86,1,1,
4,87,1,1,
4,88,1,1,
4,89,1,1,
4,90,1,1,
4,91,1,1,
4,92,1,1,
4,93,1,1,
4,94,1,1,
4,95,1,1,
4,96,1,1,
4,97,1,1,
4,98,1,1,
4,99,1,1,
4,100,1,1,
4,101,1,1,
4,102,1,1,
4,103,1,1,
4,104,1,1,
4,105,1,1,
4,106,1,1,
4,107,1,1,
4,108,1,1,
4,109,1,1,
4,110,1,1,
4,111,1,1,
4,112,1,1,
4,113,1,1,
4,114,1,1,
4,115,1,1,
4,116,1,1,
4,117,1,1,
4,118,1,1,
4,119,1,1,
4,120,1,1,
4,121,1,1,
4,122,1,1,
4,123,1,1,
4,124,1,1,
4,125,1,1,
4,126,1,1,
4,127,1,1,
4,128,1,1,
4,129,1,1,
4,130,1,1,
48,1,1,1,
48,2,1,1,
48,3,1,1,
48,4,1,1,
48,5,1,1,
48,6,1,1,
48,7,1,1,
48,8,1,1,
90,1,1,1,
90,2,1,1,
90,3,1,1,
90,4,1,1,
90,5,1,1,
90,6,1,1,
90,7,1,1,
90,8,1,1,
90,9,1,1,
90,10,1,1,
90,11,1,1,
90,12,1,1,
90,13,1,1,
90,14,1,1,
90,15,1,1,
90,16,1,1,
90,17,1,1,
90,18,1,1,
90,19,1,1,
90,20,1,1,
90,21,1,1,
90,22,1,1,
90,23,1,1,
90,24,1,1,
90,25,1,1,
90,26,1,1,
90,27,1,1,
90,28,1,1,
90,29,1,1,
90,30,1,1,
90,31,1,1,
5,1,1,1,
5,2,1,1,
5,3,1,1,
5,4,1,1,
5,5,1,1,
5,6,1,1,
5,7,1,1,
5,8,1,1,
5,9,1,1,
5,10,1,1,
5,11,1,1,
5,12,1,1,
5,13,1,1,
5,14,1,1,
5,15,1,1,
5,16,1,1,
5,17,1,1,
5,18,1,1,
5,19,1,1,
5,20,1,1,
5,21,1,1,
5,22,1,1,
5,23,1,1,
5,24,1,1,
5,25,1,1,
5,26,1,1,
5,27,1,1,
5,28,1,1,
5,29,1,1,
5,30,1,1,
5,31,1,1,
5,32,1,1,
5,33,1,1,
5,34,1,1,
5,35,1,1,
5,36,1,1,
5,37,1,1,
5,38,1,1,
5,39,1,1,
5,40,1,1,
5,41,1,1,
5,42,1,1,
5,43,1,1,
5,44,1,1,
5,45,1,1,
5,46,1,1,
5,47,1,1,
5,48,1,1,
5,49,1,1,
5,50,1,1,
5,51,1,1,
5,52,1,1,
5,53,1,1,
5,54,1,1,
5,55,1,1,
5,56,1,1,
5,57,1,1,
5,58,1,1,
5,59,1,1,
5,60,1,1,
5,61,1,1,
5,62,1,1,
5,63,1,1,
5,64,1,1,
5,65,1,1,
5,66,1,1,
5,67,1,1,
5,68,1,1,
5,69,1,1,
5,70,1,1,
5,71,1,1,
5,72,1,1,
5,73,1,1,
5,74,1,1,
5,75,1,1,
5,76,1,1,
5,77,1,1,
5,78,1,1,
5,79,1,1,
5,80,1,1,
5,81,1,1,
5,82,1,1,
5,83,1,1,
5,84,1,1,
5,85,1,1,
5,86,1,1,
5,87,1,1,
5,88,1,1,
5,89,1,1,
5,90,1,1,
5,91,1,1,
5,92,1,1,
5,93,1,1,
5,94,1,1,
5,95,1,1,
5,96,1,1,
5,97,1,1,
5,98,1,1,
5,99,1,1,
5,100,1,1,
5,101,1,1,
5,102,1,1,
5,103,1,1,
5,104,1,1,
5,105,1,1,
5,106,1,1,
49,1,1,1,
49,2,1,1,
49,3,1,1,
49,4,1,1,
49,5,1,1,
49,6,1,1,
49,7,1,1,
49,8,1,1,
49,9,1,1,
49,10,1,1,
49,11,1,1,
49,12,1,1,
49,13,1,1,
49,14,1,1,
49,15,1,1,
49,16,1,1,
49,17,1,1,
49,18,1,1,
49,19,1,1,
49,20,1,1,
49,21,1,1,
49,22,1,1,
49,23,1,1,
49,24,1,1,
49,25,1,1,
91,1,1,1,
91,2,1,1,
91,3,1,1,
91,4,1,1,
91,5,1,1,
91,6,1,1,
91,7,1,1,
91,8,1,1,
91,9,1,1,
91,10,1,1,
91,11,1,1,
91,12,1,1,
91,13,1,1,
91,14,1,1,
91,15,1,1,
91,16,1,1,
91,17,1,1,
91,18,1,1,
91,19,1,1,
91,20,1,1,
91,21,1,1,
91,22,1,1,
91,23,1,1,
91,24,1,1,
91,25,1,1,
91,26,1,1,
91,27,1,1,
91,28,1,1,
91,29,1,1,
91,30,1,1,
91,31,1,1,
91,32,1,1,
91,33,1,1,
91,34,1,1,
91,35,1,1,
91,36,1,1,
91,37,1,1,
6,1,1,1,
6,2,1,1,
6,3,1,1,
6,4,1,1,
6,5,1,1,
6,6,1,1,
6,7,1,1,
6,8,1,1,
6,9,1,1,
6,10,1,1,
6,11,1,1,
6,12,1,1,
6,13,1,1,
6,14,1,1,
6,15,1,1,
6,16,1,1,
6,17,1,1,
6,18,1,1,
6,19,1,1,
6,20,1,1,
6,21,1,1,
6,22,1,1,
6,23,1,1,
6,24,1,1,
6,25,1,1,
6,26,1,1,
6,27,1,1,
6,28,1,1,
6,29,1,1,
6,30,1,1,
6,31,1,1,
6,32,1,1,
6,33,1,1,
6,34,1,1,
6,35,1,1,
6,36,1,1,
6,37,1,1,
6,38,1,1,
6,39,1,1,
6,40,1,1,
6,41,1,1,
6,42,1,1,
6,43,1,1,
6,44,1,1,
6,45,1,1,
6,46,1,1,
6,47,1,1,
6,48,1,1,
6,49,1,1,
6,50,1,1,
6,51,1,1,
6,52,1,1,
6,53,1,1,
6,54,1,1,
6,55,1,1,
6,56,1,1,
6,57,1,1,
6,58,1,1,
6,59,1,1,
6,60,1,1,
6,61,1,1,
6,62,1,1,
6,63,1,1,
6,64,1,1,
6,65,1,1,
6,66,1,1,
6,67,1,1,
6,68,1,1,
6,69,1,1,
6,70,1,1,
6,71,1,1,
6,72,1,1,
6,73,1,1,
6,74,1,1,
6,75,1,1,
6,76,1,1,
6,77,1,1,
6,78,1,1,
6,79,1,1,
6,80,1,1,
6,81,1,1,
6,82,1,1,
6,83,1,1,
6,84,1,1,
6,85,1,1,
6,86,1,1,
6,87,1,1,
6,88,1,1,
6,89,1,1,
6,90,1,1,
6,91,1,1,
6,92,1,1,
6,93,1,1,
6,94,1,1,
6,95,1,1,
6,96,1,1,
6,97,1,1,
6,98,1,1,
6,99,1,1,
6,100,1,1,
6,101,1,1,
6,102,1,1,
6,103,1,1,
6,104,1,1,
6,105,1,1,
6,106,1,1,
6,107,1,1,
6,108,1,1,
6,109,1,1,
6,110,1,1,
6,111,1,1,
6,112,1,1,
50,1,1,1,
50,2,1,1,
50,3,1,1,
50,4,1,1,
50,5,1,1,
50,6,1,1,
50,7,1,1,
50,8,1,1,
50,9,1,1,
50,10,1,1,
50,11,1,1,
50,12,1,1,
50,13,1,1,
50,14,1,1,
50,15,1,1,
50,16,1,1,
50,17,1,1,
50,18,1,1,
50,19,1,1,
50,20,1,1,
50,21,1,1,
50,22,1,1,
50,23,1,1,
50,24,1,1,
50,25,1,1,
50,26,1,1,
50,27,1,1,
50,28,1,1,
50,29,1,1,
50,30,1,1,
50,31,1,1,
50,32,1,1,
50,33,1,1,
50,34,1,1,
50,35,1,1,
50,36,1,1,
50,37,1,1,
50,38,1,1,
50,39,1,1,
50,40,1,1,
50,41,1,1,
50,42,1,1,
50,43,1,1,
50,44,1,1,
50,45,1,1,
50,46,1,1,
50,47,1,1,
50,48,1,1,
50,49,1,1,
50,50,1,1,
50,51,1,1,
50,52,1,1,
50,53,1,1,
50,54,1,1,
50,55,1,1,
50,56,1,1,
50,57,1,1,
50,58,1,1,
50,59,1,1,
50,60,1,1,
50,61,1,1,
50,62,1,1,
50,63,1,1,
50,64,1,1,
50,65,1,1,
50,66,1,1,
50,67,1,1,
50,68,1,1,
50,69,1,1,
50,70,1,1,
50,71,1,1,
50,72,1,1,
50,73,1,1,
50,74,1,1,
50,75,1,1,
50,76,1,1,
50,77,1,1,
50,78,1,1,
50,79,1,1,
50,80,1,1,
50,81,1,1,
92,1,1,1,
92,2,1,1,
92,3,1,1,
92,4,1,1,
92,5,1,1,
92,6,1,1,
92,7,1,1,
92,8,1,1,
92,9,1,1,
92,10,1,1,
92,11,1,1,
92,12,1,1,
92,13,1,1,
92,14,1,1,
92,15,1,1,
92,16,1,1,
92,17,1,1,
92,18,1,1,
92,19,1,1,
92,20,1,1,
92,21,1,1,
92,22,1,1,
92,23,1,1,
92,24,1,1,
92,25,1,1,
92,26,1,1,
92,27,1,1,
92,28,1,1,
92,29,1,1,
92,30,1,1,
92,31,1,1,
92,32,1,1,
92,33,1,1,
92,34,1,1,
92,35,1,1,
92,36,1,1,
92,37,1,1,
92,38,1,1,
92,39,1,1,
92,40,1,1,
92,41,1,1,
92,42,1,1,
92,43,1,1,
92,44,1,1,
7,1,1,1,
7,2,1,1,
7,3,1,1,
7,4,1,1,
7,5,1,1,
7,6,1,1,
7,7,1,1,
7,8,1,1,
7,9,1,1,
7,10,1,1,
7,11,1,1,
7,12,1,1,
7,13,1,1,
7,14,1,1,
7,15,1,1,
7,16,1,1,
7,17,1,1,
7,18,1,1,
7,19,1,1,
7,20,1,1,
7,21,1,1,
7,22,1,1,
7,23,1,1,
7,24,1,1,
7,25,1,1,
7,26,1,1,
7,27,1,1,
7,28,1,1,
7,29,1,1,
7,30,1,1,
7,31,1,1,
7,32,1,1,
7,33,1,1,
7,34,1,1,
7,35,1,1,
7,36,1,1,
7,37,1,1,
7,38,1,1,
7,39,1,1,
7,40,1,1,
7,41,1,1,
7,42,1,1,
7,43,1,1,
7,44,1,1,
7,45,1,1,
7,46,1,1,
7,47,1,1,
7,48,1,1,
7,49,1,1,
7,50,1,1,
7,51,1,1,
7,52,1,1,
7,53,1,1,
7,54,1,1,
7,55,1,1,
7,56,1,1,
7,57,1,1,
7,58,1,1,
7,59,1,1,
7,60,1,1,
7,61,1,1,
7,62,1,1,
7,63,1,1,
7,64,1,1,
7,65,1,1,
7,66,1,1,
7,67,1,1,
7,68,1,1,
7,69,1,1,
7,70,1,1,
7,71,1,1,
7,72,1,1,
7,73,1,1,
7,74,1,1,
51,1,1,1,
51,2,1,1,
51,3,1,1,
51,4,1,1,
51,5,1,1,
51,6,1,1,
51,7,1,1,
51,8,1,1,
51,9,1,1,
51,10,1,1,
51,11,1,1,
51,12,1,1,
51,13,1,1,
51,14,1,1,
51,15,1,1,
51,16,1,1,
51,17,1,1,
51,18,1,1,
51,19,1,1,
51,20,1,1,
51,21,1,1,
51,22,1,1,
51,23,1,1,
51,24,1,1,
51,25,1,1,
51,26,1,1,
51,27,1,1,
51,28,1,1,
51,29,1,1,
51,30,1,1,
51,31,1,1,
93,1,1,1,
93,2,1,1,
93,3,1,1,
93,4,1,1,
93,5,1,1,
93,6,1,1,
93,7,1,1,
93,8,1,1,
93,9,1,1,
93,10,1,1,
93,11,1,1,
93,12,1,1,
93,13,1,1,
93,14,1,1,
93,15,1,1,
93,16,1,1,
93,17,1,1,
93,18,1,1,
93,19,1,1,
93,20,1,1,
93,21,1,1,
93,22,1,1,
93,23,1,1,
93,24,1,1,
93,25,1,1,
93,26,1,1,
93,27,1,1,
93,28,1,1,
93,29,1,1,
93,30,1,1,
93,31,1,1,
93,32,1,1,
93,33,1,1,
93,34,1,1,
93,35,1,1,
93,36,1,1,
93,37,1,1,
93,38,1,1,
93,39,1,1,
93,40,1,1,
93,41,1,1,
93,42,1,1,
93,43,1,1,
93,44,1,1,
93,45,1,1,
93,46,1,1,
93,47,1,1,
93,48,1,1,
93,49,1,1,
93,50,1,1,
93,51,1,1,
93,52,1,1,
93,53,1,1,
93,54,1,1,
93,55,1,1,
93,56,1,1,
93,57,1,1,
93,58,1,1,
93,59,1,1,
93,60,1,1,
93,61,1,1,
93,62,1,1,
93,63,1,1,
93,64,1,1,
93,65,1,1,
93,66,1,1,
93,67,1,1,
93,68,1,1,
93,69,1,1,
93,70,1,1,
93,71,1,1,
93,72,1,1,
93,73,1,1,
93,74,1,1,
93,75,1,1,
93,76,1,1,
93,77,1,1,
93,78,1,1,
93,79,1,1,
93,80,1,1,
93,81,1,1,
93,82,1,1,
93,83,1,1,
93,84,1,1,
93,85,1,1,
93,86,1,1,
93,87,1,1,
93,88,1,1,
93,89,1,1,
93,90,1,1,
93,91,1,1,
8,1,1,1,
8,2,1,1,
8,3,1,1,
8,4,1,1,
8,5,1,1,
8,6,1,1,
8,7,1,1,
8,8,1,1,
8,9,1,1,
8,10,1,1,
8,11,1,1,
8,12,1,1,
8,13,1,1,
8,14,1,1,
8,15,1,1,
8,16,1,1,
8,17,1,1,
8,18,1,1,
8,19,1,1,
8,20,1,1,
8,21,1,1,
8,22,1,1,
8,23,1,1,
8,24,1,1,
8,25,1,1,
8,26,1,1,
8,27,1,1,
8,28,1,1,
8,29,1,1,
8,30,1,1,
8,31,1,1,
8,32,1,1,
8,33,1,1,
8,34,1,1,
8,35,1,1,
8,36,1,1,
8,37,1,1,
8,38,1,1,
8,39,1,1,
8,40,1,1,
8,41,1,1,
8,42,1,1,
8,43,1,1,
8,44,1,1,
8,45,1,1,
8,46,1,1,
8,47,1,1,
8,48,1,1,
8,49,1,1,
8,50,1,1,
8,51,1,1,
8,52,1,1,
8,53,1,1,
8,54,1,1,
8,55,1,1,
8,56,1,1,
8,57,1,1,
8,58,1,1,
8,59,1,1,
8,60,1,1,
8,61,1,1,
8,62,1,1,
8,63,1,1,
8,64,1,1,
8,65,1,1,
8,66,1,1,
8,67,1,1,
8,68,1,1,
8,69,1,1,
8,70,1,1,
8,71,1,1,
8,72,1,1,
8,73,1,1,
8,74,1,1,
8,75,1,1,
8,76,1,1,
8,77,1,1,
8,78,1,1,
8,79,1,1,
8,80,1,1,
8,81,1,1,
8,82,1,1,
52,1,1,1,
52,2,1,1,
52,3,1,1,
52,4,1,1,
52,5,1,1,
52,6,1,1,
52,7,1,1,
52,8,1,1,
52,9,1,1,
52,10,1,1,
52,11,1,1,
52,12,1,1,
52,13,1,1,
52,14,1,1,
52,15,1,1,
52,16,1,1,
52,17,1,1,
52,18,1,1,
52,19,1,1,
52,20,1,1,
52,21,1,1,
52,22,1,1,
52,23,1,1,
52,24,1,1,
52,25,1,1,
52,26,1,1,
52,27,1,1,
52,28,1,1,
52,29,1,1,
52,30,1,1,
52,31,1,1,
52,32,1,1,
52,33,1,1,
52,34,1,1,
52,35,1,1,
52,36,1,1,
52,37,1,1,
52,38,1,1,
52,39,1,1,
52,40,1,1,
52,41,1,1,
52,42,1,1,
52,43,1,1,
52,44,1,1,
52,45,1,1,
52,46,1,1,
52,47,1,1,
52,48,1,1,
52,49,1,1,
52,50,1,1,
52,51,1,1,
52,52,1,1,
52,53,1,1,
52,54,1,1,
52,55,1,1,
52,56,1,1,
52,57,1,1,
52,58,1,1,
52,59,1,1,
52,60,1,1,
52,61,1,1,
52,62,1,1,
52,63,1,1,
52,64,1,1,
52,65,1,1,
52,66,1,1,
52,67,1,1,
52,68,1,1,
52,69,1,1,
52,70,1,1,
52,71,1,1,
52,72,1,1,
52,73,1,1,
52,74,1,1,
52,75,1,1,
52,76,1,1,
52,77,1,1,
52,78,1,1,
52,79,1,1,
52,80,1,1,
52,81,1,1,
52,82,1,1,
52,83,1,1,
52,84,1,1,
52,85,1,1,
52,86,1,1,
52,87,1,1,
52,88,1,1,
94,1,1,1,
94,2,1,1,
94,3,1,1,
94,4,1,1,
94,5,1,1,
94,6,1,1,
94,7,1,1,
94,8,1,1,
94,9,1,1,
94,10,1,1,
94,11,1,1,
94,12,1,1,
94,13,1,1,
94,14,1,1,
94,15,1,1,
94,16,1,1,
94,17,1,1,
94,18,1,1,
94,19,1,1,
94,20,1,1,
94,21,1,1,
94,22,1,1,
94,23,1,1,
94,24,1,1,
94,25,1,1,
94,26,1,1,
94,27,1,1,
94,28,1,1,
94,29,1,1,
94,30,1,1,
94,31,1,1,
94,32,1,1,
94,33,1,1,
94,34,1,1,
94,35,1,1,
94,36,1,1,
94,37,1,1,
94,38,1,1,
94,39,1,1,
94,40,1,1,
94,41,1,1,
94,42,1,1,
94,43,1,1,
94,44,1,1,
94,45,1,1,
94,46,1,1,
94,47,1,1,
94,48,1,1,
94,49,1,1,
94,50,1,1,
9,1,1,1,
9,2,1,1,
9,3,1,1,
9,4,1,1,
9,5,1,1,
9,6,1,1,
9,7,1,1,
9,8,1,1,
9,9,1,1,
9,10,1,1,
9,11,1,1,
9,12,1,1,
9,13,1,1,
9,14,1,1,
9,15,1,1,
9,16,1,1,
9,17,1,1,
9,18,1,1,
9,19,1,1,
9,20,1,1,
9,21,1,1,
9,22,1,1,
9,23,1,1,
9,24,1,1,
9,25,1,1,
9,26,1,1,
9,27,1,1,
9,28,1,1,
9,29,1,1,
9,30,1,1,
9,31,1,1,
9,32,1,1,
9,33,1,1,
9,34,1,1,
9,35,1,1,
9,36,1,1,
9,37,1,1,
9,38,1,1,
9,39,1,1,
9,40,1,1,
9,41,1,1,
9,42,1,1,
9,43,1,1,
9,44,1,1,
9,45,1,1,
9,46,1,1,
9,47,1,1,
9,48,1,1,
9,49,1,1,
9,50,1,1,
9,51,1,1,
9,52,1,1,
9,53,1,1,
9,54,1,1,
9,55,1,1,
9,56,1,1,
9,57,1,1,
9,58,1,1,
9,59,1,1,
9,60,1,1,
9,61,1,1,
9,62,1,1,
9,63,1,1,
9,64,1,1,
9,65,1,1,
9,66,1,1,
9,67,1,1,
9,68,1,1,
9,69,1,1,
9,70,1,1,
9,71,1,1,
9,72,1,1,
9,73,1,1,
9,74,1,1,
9,75,1,1,
9,76,1,1,
9,77,1,1,
9,78,1,1,
9,79,1,1,
9,80,1,1,
9,81,1,1,
9,82,1,1,
9,83,1,1,
9,84,1,1,
9,85,1,1,
9,86,1,1,
9,87,1,1,
9,88,1,1,
9,89,1,1,
9,90,1,1,
9,91,1,1,
9,92,1,1,
9,93,1,1,
9,94,1,1,
9,95,1,1,
9,96,1,1,
9,97,1,1,
9,98,1,1,
9,99,1,1,
9,100,1,1,
9,101,1,1,
9,102,1,1,
9,103,1,1,
9,104,1,1,
9,105,1,1,
9,106,1,1,
9,107,1,1,
9,108,1,1,
9,109,1,1,
9,110,1,1,
9,111,1,1,
9,112,1,1,
9,113,1,1,
9,114,1,1,
9,115,1,1,
9,116,1,1,
9,117,1,1,
9,118,1,1,
9,119,1,1,
9,120,1,1,
9,121,1,1,
9,122,1,1,
9,123,1,1,
9,124,1,1,
9,125,1,1,
9,126,1,1,
9,127,1,1,
53,1,1,1,
53,2,1,1,
53,3,1,1,
53,4,1,1,
53,5,1,1,
53,6,1,1,
53,7,1,1,
53,8,1,1,
53,9,1,1,
53,10,1,1,
53,11,1,1,
53,12,1,1,
53,13,1,1,
53,14,1,1,
53,15,1,1,
53,16,1,1,
53,17,1,1,
53,18,1,1,
53,19,1,1,
53,20,1,1,
53,21,1,1,
53,22,1,1,
53,23,1,1,
53,24,1,1,
53,25,1,1,
53,26,1,1,
53,27,1,1,
53,28,1,1,
53,29,1,1,
53,30,1,1,
53,31,1,1,
95,1,1,1,
95,2,1,1,
95,3,1,1,
95,4,1,1,
95,5,1,1,
95,6,1,1,
95,7,1,1,
95,8,1,1,
95,9,1,1,
95,10,1,1,
95,11,1,1,
95,12,1,1,
95,13,1,1,
95,14,1,1,
95,15,1,1,
95,16,1,1,
95,17,1,1,
95,18,1,1,
95,19,1,1,
95,20,1,1,
95,21,1,1,
95,22,1,1,
95,23,1,1,
95,24,1,1,
95,25,1,1,
95,26,1,1,
95,27,1,1,
95,28,1,1,
95,29,1,1,
95,30,1,1,
95,31,1,1,
95,32,1,1,
95,33,1,1,
95,34,1,1,
95,35,1,1,
95,36,1,1,
95,37,1,1,
95,38,1,1,
95,39,1,1,
95,40,1,1,
95,41,1,1,
95,42,1,1,
95,43,1,1,
95,44,1,1,
95,45,1,1,
95,46,1,1,
95,47,1,1,
95,48,1,1,
95,49,1,1,
95,50,1,1,
95,51,1,1,
95,52,1,1,
95,53,1,1,
95,54,1,1,
95,55,1,1,
95,56,1,1,
95,57,1,1,
95,58,1,1,
95,59,1,1,
95,60,1,1,
95,61,1,1,
95,62,1,1,
95,63,1,1,
95,64,1,1,
95,65,1,1,
95,66,1,1,
95,67,1,1,
95,68,1,1,
95,69,1,1,
95,70,1,1,
95,71,1,1,
95,72,1,1,
95,73,1,1,
95,74,1,1,
95,75,1,1,
95,76,1,1,
95,77,1,1,
95,78,1,1,
95,79,1,1,
95,80,1,1,
95,81,1,1,
95,82,1,1,
95,83,1,1,
95,84,1,1,
95,85,1,1,
95,86,1,1,
95,87,1,1,
95,88,1,1,
95,89,1,1,
95,90,1,1,
95,91,1,1,
95,92,1,1,
95,93,1,1,
95,94,1,1,
95,95,1,1,
95,96,1,1,
95,97,1,1,
95,98,1,1,
95,99,1,1,
95,100,1,1,
95,101,1,1,
95,102,1,1,
95,103,1,1,
95,104,1,1,
95,105,1,1,
95,106,1,1,
95,107,1,1,
95,108,1,1,
95,109,1,1,
95,110,1,1,
95,111,1,1,
95,112,1,1,
95,113,1,1,
95,114,1,1,
95,115,1,1,
95,116,1,1,
95,117,1,1,
95,118,1,1,
95,119,1,1,
95,120,1,1,
95,121,1,1,
95,122,1,1,
95,123,1,1,
95,124,1,1,
95,125,1,1,
95,126,1,1,
95,127,1,1,
95,128,1,1,
95,129,1,1,
95,130,1,1,
95,131,1,1,
95,132,1,1,
95,133,1,1,
95,134,1,1,
95,135,1,1,
95,136,1,1,
95,137,1,1,
95,138,1,1,
95,139,1,1,
95,140,1,1,
95,141,1,1,
95,142,1,1,
95,143,1,1,
10,1,1,1,
10,2,1,1,
10,3,1,1,
10,4,1,1,
10,5,1,1,
10,6,1,1,
10,7,1,1,
10,8,1,1,
10,9,1,1,
10,10,1,1,
10,11,1,1,
10,12,1,1,
10,13,1,1,
10,14,1,1,
10,15,1,1,
10,16,1,1,
10,17,1,1,
10,18,1,1,
10,19,1,1,
10,20,1,1,
10,21,1,1,
10,22,1,1,
10,23,1,1,
10,24,1,1,
10,25,1,1,
10,26,1,1,
10,27,1,1,
10,28,1,1,
10,29,1,1,
10,30,1,1,
10,31,1,1,
10,32,1,1,
10,33,1,1,
10,34,1,1,
10,35,1,1,
10,36,1,1,
10,37,1,1,
10,38,1,1,
10,39,1,1,
10,40,1,1,
10,41,1,1,
10,42,1,1,
10,43,1,1,
10,44,1,1,
10,45,1,1,
10,46,1,1,
10,47,1,1,
10,48,1,1,
10,49,1,1,
10,50,1,1,
10,51,1,1,
10,52,1,1,
10,53,1,1,
10,54,1,1,
10,55,1,1,
10,56,1,1,
10,57,1,1,
10,58,1,1,
10,59,1,1,
10,60,1,1,
10,61,1,1,
10,62,1,1,
10,63,1,1,
10,64,1,1,
10,65,1,1,
10,66,1,1,
10,67,1,1,
10,68,1,1,
10,69,1,1,
10,70,1,1,
10,71,1,1,
10,72,1,1,
10,73,1,1,
10,74,1,1,
10,75,1,1,
10,76,1,1,
10,77,1,1,
10,78,1,1,
10,79,1,1,
10,80,1,1,
10,81,1,1,
10,82,1,1,
10,83,1,1,
10,84,1,1,
10,85,1,1,
10,86,1,1,
10,87,1,1,
10,88,1,1,
10,89,1,1,
10,90,1,1,
10,91,1,1,
10,92,1,1,
10,93,1,1,
10,94,1,1,
10,95,1,1,
10,96,1,1,
10,97,1,1,
10,98,1,1,
10,99,1,1,
10,100,1,1,
10,101,1,1,
10,102,1,1,
10,103,1,1,
10,104,1,1,
10,105,1,1,
10,106,1,1,
10,107,1,1,
10,108,1,1,
10,109,1,1,
10,110,1,1,
10,111,1,1,
10,112,1,1,
10,113,1,1,
10,114,1,1,
10,115,1,1,
10,116,1,1,
10,117,1,1,
10,118,1,1,
10,119,1,1,
10,120,1,1,
10,121,1,1,
10,122,1,1,
10,123,1,1,
10,124,1,1,
10,125,1,1,
10,126,1,1,
10,127,1,1,
10,128,1,1,
10,129,1,1,
10,130,1,1,
10,131,1,1,
10,132,1,1,
10,133,1,1,
10,134,1,1,
10,135,1,1,
10,136,1,1,
10,137,1,1,
10,138,1,1,
10,139,1,1,
10,140,1,1,
10,141,1,1,
10,142,1,1,
10,143,1,1,
10,144,1,1,
10,145,1,1,
10,146,1,1,
10,147,1,1,
10,148,1,1,
10,149,1,1,
10,150,1,1,
10,151,1,1,
10,152,1,1,
10,153,1,1,
10,154,1,1,
10,155,1,1,
10,156,1,1,
10,157,1,1,
10,158,1,1,
10,159,1,1,
10,160,1,1,
10,161,1,1,
10,162,1,1,
10,163,1,1,
10,164,1,1,
10,165,1,1,
10,166,1,1,
10,167,1,1,
10,168,1,1,
10,169,1,1,
10,170,1,1,
10,171,1,1,
10,172,1,1,
10,173,1,1,
10,174,1,1,
10,175,1,1,
10,176,1,1,
10,177,1,1,
54,1,1,1,
54,2,1,1,
54,3,1,1,
54,4,1,1,
54,5,1,1,
54,6,1,1,
54,7,1,1,
54,8,1,1,
54,9,1,1,
54,10,1,1,
54,11,1,1,
54,12,1,1,
54,13,1,1,
54,14,1,1,
54,15,1,1,
54,16,1,1,
54,17,1,1,
54,18,1,1,
54,19,1,1,
54,20,1,1,
54,21,1,1,
54,22,1,1,
54,23,1,1,
54,24,1,1,
54,25,1,1,
54,26,1,1,
54,27,1,1,
54,28,1,1,
54,29,1,1,
54,30,1,1,
54,31,1,1,
54,32,1,1,
54,33,1,1,
54,34,1,1,
54,35,1,1,
54,36,1,1,
54,37,1,1,
54,38,1,1,
54,39,1,1,
54,40,1,1,
54,41,1,1,
54,42,1,1,
54,43,1,1,
54,44,1,1,
54,45,1,1,
54,46,1,1,
54,47,1,1,
54,48,1,1,
54,49,1,1,
54,50,1,1,
54,51,1,1,
54,52,1,1,
96,1,1,1,
96,2,1,1,
96,3,1,1,
96,4,1,1,
96,5,1,1,
96,6,1,1,
96,7,1,1,
96,8,1,1,
96,9,1,1,
96,10,1,1,
96,11,1,1,
96,12,1,1,
96,13,1,1,
96,14,1,1,
96,15,1,1,
96,16,1,1,
96,17,1,1,
96,18,1,1,
96,19,1,1,
96,20,1,1,
96,21,1,1,
96,22,1,1,
96,23,1,1,
96,24,1,1,
96,25,1,1,
96,26,1,1,
96,27,1,1,
96,28,1,1,
96,29,1,1,
96,30,1,1,
96,31,1,1,
96,32,1,1,
96,33,1,1,
96,34,1,1,
96,35,1,1,
96,36,1,1,
96,37,1,1,
96,38,1,1,
96,39,1,1,
96,40,1,1,
96,41,1,1,
96,42,1,1,
96,43,1,1,
96,44,1,1,
96,45,1,1,
96,46,1,1,
96,47,1,1,
96,48,1,1,
96,49,1,1,
96,50,1,1,
96,51,1,1,
96,52,1,1,
96,53,1,1,
96,54,1,1,
96,55,1,1,
96,56,1,1,
96,57,1,1,
96,58,1,1,
96,59,1,1,
96,60,1,1,
96,61,1,1,
96,62,1,1,
96,63,1,1,
96,64,1,1,
96,65,1,1,
96,66,1,1,
96,67,1,1,
96,68,1,1,
96,69,1,1,
96,70,1,1,
96,71,1,1,
96,72,1,1,
96,73,1,1,
96,74,1,1,
96,75,1,1,
96,76,1,1,
96,77,1,1,
96,78,1,1,
96,79,1,1,
96,80,1,1,
96,81,1,1,
96,82,1,1,
96,83,1,1,
96,84,1,1,
96,85,1,1,
96,86,1,1,
96,87,1,1,
96,88,1,1,
96,89,1,1,
11,1,1,1,
11,2,1,1,
11,3,1,1,
11,4,1,1,
11,5,1,1,
11,6,1,1,
11,7,1,1,
11,8,1,1,
11,9,1,1,
11,10,1,1,
11,11,1,1,
11,12,1,1,
11,13,1,1,
11,14,1,1,
11,15,1,1,
11,16,1,1,
11,17,1,1,
11,18,1,1,
11,19,1,1,
11,20,1,1,
11,21,1,1,
11,22,1,1,
11,23,1,1,
11,24,1,1,
11,25,1,1,
11,26,1,1,
11,27,1,1,
11,28,1,1,
11,29,1,1,
11,30,1,1,
11,31,1,1,
11,32,1,1,
11,33,1,1,
11,34,1,1,
11,35,1,1,
11,36,1,1,
11,37,1,1,
11,38,1,1,
11,39,1,1,
11,40,1,1,
11,41,1,1,
11,42,1,1,
11,43,1,1,
11,44,1,1,
11,45,1,1,
11,46,1,1,
11,47,1,1,
11,48,1,1,
11,49,1,1,
11,50,1,1,
11,51,1,1,
11,52,1,1,
11,53,1,1,
11,54,1,1,
11,55,1,1,
11,56,1,1,
11,57,1,1,
11,58,1,1,
11,59,1,1,
11,60,1,1,
11,61,1,1,
11,62,1,1,
11,63,1,1,
11,64,1,1,
11,65,1,1,
11,66,1,1,
11,67,1,1,
11,68,1,1,
11,69,1,1,
11,70,1,1,
11,71,1,1,
11,72,1,1,
11,73,1,1,
11,74,1,1,
11,75,1,1,
11,76,1,1,
11,77,1,1,
11,78,1,1,
11,79,1,1,
11,80,1,1,
11,81,1,1,
11,82,1,1,
11,83,1,1,
11,84,1,1,
11,85,1,1,
11,86,1,1,
11,87,1,1,
11,88,1,1,
11,89,1,1,
11,90,1,1,
11,91,1,1,
11,92,1,1,
11,93,1,1,
11,94,1,1,
11,95,1,1,
11,96,1,1,
11,97,1,1,
11,98,1,1,
11,99,1,1,
11,100,1,1,
11,101,1,1,
11,102,1,1,
11,103,1,1,
11,104,1,1,
11,105,1,1,
11,106,1,1,
11,107,1,1,
11,108,1,1,
11,109,1,1,
11,110,1,1,
11,111,1,1,
11,112,1,1,
11,113,1,1,
11,114,1,1,
11,115,1,1,
11,116,1,1,
11,117,1,1,
11,118,1,1,
11,119,1,1,
11,120,1,1,
11,121,1,1,
11,122,1,1,
11,123,1,1,
11,124,1,1,
11,125,1,1,
11,126,1,1,
11,127,1,1,
11,128,1,1,
11,129,1,1,
11,130,1,1,
11,131,1,1,
11,132,1,1,
11,133,1,1,
11,134,1,1,
11,135,1,1,
11,136,1,1,
11,137,1,1,
11,138,1,1,
11,139,1,1,
11,140,1,1,
11,141,1,1,
11,142,1,1,
11,143,1,1,
11,144,1,1,
11,145,1,1,
11,146,1,1,
55,1,1,1,
55,2,1,1,
55,3,1,1,
55,4,1,1,
55,5,1,1,
55,6,1,1,
55,7,1,1,
55,8,1,1,
55,9,1,1,
55,10,1,1,
55,11,1,1,
55,12,1,1,
55,13,1,1,
55,14,1,1,
55,15,1,1,
55,16,1,1,
55,17,1,1,
55,18,1,1,
55,19,1,1,
55,20,1,1,
55,21,1,1,
55,22,1,1,
55,23,1,1,
55,24,1,1,
55,25,1,1,
55,26,1,1,
55,27,1,1,
55,28,1,1,
55,29,1,1,
55,30,1,1,
55,31,1,1,
55,32,1,1,
55,33,1,1,
55,34,1,1,
55,35,1,1,
55,36,1,1,
55,37,1,1,
55,38,1,1,
55,39,1,1,
55,40,1,1,
55,41,1,1,
55,42,1,1,
55,43,1,1,
55,44,1,1,
97,1,1,1,
97,2,1,1,
97,3,1,1,
97,4,1,1,
97,5,1,1,
97,6,1,1,
97,7,1,1,
97,8,1,1,
97,9,1,1,
97,10,1,1,
97,11,1,1,
97,12,1,1,
97,13,1,1,
97,14,1,1,
97,15,1,1,
97,16,1,1,
97,17,1,1,
97,18,1,1,
97,19,1,1,
97,20,1,1,
97,21,1,1,
97,22,1,1,
97,23,1,1,
97,24,1,1,
97,25,1,1,
97,26,1,1,
97,27,1,1,
97,28,1,1,
97,29,1,1,
97,30,1,1,
97,31,1,1,
97,32,1,1,
97,33,1,1,
97,34,1,1,
97,35,1,1,
12,1,1,1,
12,2,1,1,
12,3,1,1,
12,4,1,1,
12,5,1,1,
12,6,1,1,
12,7,1,1,
12,8,1,1,
12,9,1,1,
12,10,1,1,
12,11,1,1,
12,12,1,1,
12,13,1,1,
12,14,1,1,
12,15,1,1,
12,16,1,1,
12,17,1,1,
12,18,1,1,
12,19,1,1,
12,20,1,1,
12,21,1,1,
12,22,1,1,
12,23,1,1,
12,24,1,1,
12,25,1,1,
12,26,1,1,
12,27,1,1,
12,28,1,1,
12,29,1,1,
12,30,1,1,
12,31,1,1,
12,32,1,1,
12,33,1,1,
12,34,1,1,
12,35,1,1,
12,36,1,1,
12,37,1,1,
12,38,1,1,
12,39,1,1,
12,40,1,1,
12,41,1,1,
12,42,1,1,
12,43,1,1,
12,44,1,1,
12,45,1,1,
12,46,1,1,
12,47,1,1,
12,48,1,1,
12,49,1,1,
12,50,1,1,
12,51,1,1,
12,52,1,1,
12,53,1,1,
12,54,1,1,
12,55,1,1,
12,56,1,1,
12,57,1,1,
12,58,1,1,
12,59,1,1,
12,60,1,1,
12,61,1,1,
12,62,1,1,
12,63,1,1,
12,64,1,1,
12,65,1,1,
12,66,1,1,
12,67,1,1,
12,68,1,1,
12,69,1,1,
12,70,1,1,
12,71,1,1,
12,72,1,1,
12,73,1,1,
12,74,1,1,
12,75,1,1,
12,76,1,1,
12,77,1,1,
12,78,1,1,
12,79,1,1,
12,80,1,1,
12,81,1,1,
12,82,1,1,
12,83,1,1,
12,84,1,1,
12,85,1,1,
12,86,1,1,
12,87,1,1,
12,88,1,1,
12,89,1,1,
12,90,1,1,
12,91,1,1,
12,92,1,1,
12,93,1,1,
12,94,1,1,
12,95,1,1,
12,96,1,1,
12,97,1,1,
12,98,1,1,
12,99,1,1,
12,100,1,1,
12,101,1,1,
12,102,1,1,
12,103,1,1,
12,104,1,1,
12,105,1,1,
12,106,1,1,
12,107,1,1,
12,108,1,1,
12,109,1,1,
12,110,1,1,
12,111,1,1,
12,112,1,1,
12,113,1,1,
12,114,1,1,
56,1,1,1,
56,2,1,1,
56,3,1,1,
56,4,1,1,
56,5,1,1,
56,6,1,1,
56,7,1,1,
56,8,1,1,
56,9,1,1,
56,10,1,1,
56,11,1,1,
56,12,1,1,
56,13,1,1,
56,14,1,1,
56,15,1,1,
56,16,1,1,
56,17,1,1,
56,18,1,1,
56,19,1,1,
56,20,1,1,
56,21,1,1,
56,22,1,1,
56,23,1,1,
56,24,1,1,
56,25,1,1,
56,26,1,1,
56,27,1,1,
56,28,1,1,
56,29,1,1,
56,30,1,1,
56,31,1,1,
56,32,1,1,
56,33,1,1,
56,34,1,1,
56,35,1,1,
56,36,1,1,
56,37,1,1,
56,38,1,1,
56,39,1,1,
56,40,1,1,
56,41,1,1,
56,42,1,1,
98,1,1,1,
98,2,1,1,
98,3,1,1,
98,4,1,1,
98,5,1,1,
98,6,1,1,
98,7,1,1,
98,8,1,1,
98,9,1,1,
98,10,1,1,
98,11,1,1,
98,12,1,1,
98,13,1,1,
98,14,1,1,
98,15,1,1,
98,16,1,1,
98,17,1,1,
98,18,1,1,
98,19,1,1,
98,20,1,1,
98,21,1,1,
98,22,1,1,
98,23,1,1,
98,24,1,1,
98,25,1,1,
98,26,1,1,
98,27,1,1,
98,28,1,1,
98,29,1,1,
98,30,1,1,
98,31,1,1,
98,32,1,1,
98,33,1,1,
98,34,1,1,
98,35,1,1,
98,36,1,1,
98,37,1,1,
98,38,1,1,
98,39,1,1,
98,40,1,1,
98,41,1,1,
98,42,1,1,
98,43,1,1,
98,44,1,1,
98,45,1,1,
98,46,1,1,
98,47,1,1,
98,48,1,1,
98,49,1,1,
98,50,1,1,
98,51,1,1,
98,52,1,1,
98,53,1,1,
98,54,1,1,
98,55,1,1,
98,56,1,1,
98,57,1,1,
98,58,1,1,
98,59,1,1,
98,60,1,1,
98,61,1,1,
98,62,1,1,
98,63,1,1,
98,64,1,1,
98,65,1,1,
98,66,1,1,
98,67,1,1,
98,68,1,1,
98,69,1,1,
98,70,1,1,
98,71,1,1,
98,72,1,1,
98,73,1,1,
98,74,1,1,
98,75,1,1,
98,76,1,1,
98,77,1,1,
13,1,1,1,
13,2,1,1,
13,3,1,1,
13,4,1,1,
13,5,1,1,
13,6,1,1,
13,7,1,1,
13,8,1,1,
13,9,1,1,
13,10,1,1,
13,11,1,1,
13,12,1,1,
13,13,1,1,
13,14,1,1,
13,15,1,1,
13,16,1,1,
13,17,1,1,
13,18,1,1,
13,19,1,1,
13,20,1,1,
13,21,1,1,
13,22,1,1,
13,23,1,1,
13,24,1,1,
13,25,1,1,
13,26,1,1,
13,27,1,1,
13,28,1,1,
13,29,1,1,
13,30,1,1,
13,31,1,1,
13,32,1,1,
13,33,1,1,
13,34,1,1,
13,35,1,1,
13,36,1,1,
13,37,1,1,
13,38,1,1,
13,39,1,1,
13,40,1,1,
13,41,1,1,
13,42,1,1,
13,43,1,1,
13,44,1,1,
13,45,1,1,
13,46,1,1,
13,47,1,1,
13,48,1,1,
13,49,1,1,
13,50,1,1,
13,51,1,1,
13,52,1,1,
13,53,1,1,
13,54,1,1,
13,55,1,1,
13,56,1,1,
13,57,1,1,
13,58,1,1,
13,59,1,1,
13,60,1,1,
13,61,1,1,
13,62,1,1,
13,63,1,1,
13,64,1,1,
13,65,1,1,
13,66,1,1,
13,67,1,1,
13,68,1,1,
13,69,1,1,
13,70,1,1,
13,71,1,1,
13,72,1,1,
13,73,1,1,
13,74,1,1,
13,75,1,1,
13,76,1,1,
13,77,1,1,
13,78,1,1,
13,79,1,1,
13,80,1,1,
13,81,1,1,
13,82,1,1,
13,83,1,1,
13,84,1,1,
13,85,1,1,
13,86,1,1,
13,87,1,1,
13,88,1,1,
13,89,1,1,
13,90,1,1,
13,91,1,1,
13,92,1,1,
13,93,1,1,
13,94,1,1,
13,95,1,1,
13,96,1,1,
13,97,1,1,
13,98,1,1,
13,99,1,1,
13,100,1,1,
13,101,1,1,
13,102,1,1,
13,103,1,1,
13,104,1,1,
13,105,1,1,
13,106,1,1,
13,107,1,1,
13,108,1,1,
13,109,1,1,
13,110,1,1,
13,111,1,1,
13,112,1,1,
13,113,1,1,
13,114,1,1,
13,115,1,1,
13,116,1,1,
13,117,1,1,
13,118,1,1,
57,1,1,1,
57,2,1,1,
57,3,1,1,
57,4,1,1,
57,5,1,1,
57,6,1,1,
57,7,1,1,
57,8,1,1,
57,9,1,1,
57,10,1,1,
57,11,1,1,
57,12,1,1,
57,13,1,1,
57,14,1,1,
57,15,1,1,
57,16,1,1,
57,17,1,1,
57,18,1,1,
57,19,1,1,
57,20,1,1,
57,21,1,1,
57,22,1,1,
57,23,1,1,
57,24,1,1,
57,25,1,1,
57,26,1,1,
57,27,1,1,
57,28,1,1,
57,29,1,1,
57,30,1,1,
57,31,1,1,
57,32,1,1,
57,33,1,1,
57,34,1,1,
57,35,1,1,
57,36,1,1,
57,37,1,1,
57,38,1,1,
57,39,1,1,
57,40,1,1,
57,41,1,1,
99,1,1,1,
99,2,1,1,
99,3,1,1,
99,4,1,1,
99,5,1,1,
99,6,1,1,
99,7,1,1,
99,8,1,1,
99,9,1,1,
99,10,1,1,
99,11,1,1,
99,12,1,1,
99,13,1,1,
99,14,1,1,
99,15,1,1,
99,16,1,1,
99,17,1,1,
99,18,1,1,
99,19,1,1,
99,20,1,1,
99,21,1,1,
99,22,1,1,
99,23,1,1,
99,24,1,1,
99,25,1,1,
99,26,1,1,
99,27,1,1,
99,28,1,1,
99,29,1,1,
99,30,1,1,
99,31,1,1,
99,32,1,1,
99,33,1,1,
99,34,1,1,
99,35,1,1,
99,36,1,1,
99,37,1,1,
99,38,1,1,
99,39,1,1,
99,40,1,1,
99,41,1,1,
99,42,1,1,
99,43,1,1,
99,44,1,1,
99,45,1,1,
99,46,1,1,
99,47,1,1,
99,48,1,1,
99,49,1,1,
99,50,1,1,
99,51,1,1,
99,52,1,1,
99,53,1,1,
99,54,1,1,
99,55,1,1,
99,56,1,1,
99,57,1,1,
99,58,1,1,
99,59,1,1,
99,60,1,1,
99,61,1,1,
99,62,1,1,
99,63,1,1,
99,64,1,1,
99,65,1,1,
99,66,1,1,
99,67,1,1,
99,68,1,1,
99,69,1,1,
99,70,1,1,
99,71,1,1,
99,72,1,1,
99,73,1,1,
99,74,1,1,
99,75,1,1,
99,76,1,1,
99,77,1,1,
14,1,1,1,
14,2,1,1,
14,3,1,1,
14,4,1,1,
14,5,1,1,
14,6,1,1,
14,7,1,1,
14,8,1,1,
14,9,1,1,
14,10,1,1,
14,11,1,1,
14,12,1,1,
14,13,1,1,
14,14,1,1,
14,15,1,1,
14,16,1,1,
14,17,1,1,
14,18,1,1,
14,19,1,1,
14,20,1,1,
14,21,1,1,
14,22,1,1,
14,23,1,1,
14,24,1,1,
14,25,1,1,
14,26,1,1,
14,27,1,1,
14,28,1,1,
14,29,1,1,
14,30,1,1,
14,31,1,1,
14,32,1,1,
14,33,1,1,
14,34,1,1,
14,35,1,1,
14,36,1,1,
14,37,1,1,
14,38,1,1,
14,39,1,1,
14,40,1,1,
14,41,1,1,
14,42,1,1,
14,43,1,1,
14,44,1,1,
14,45,1,1,
14,46,1,1,
14,47,1,1,
14,48,1,1,
14,49,1,1,
14,50,1,1,
14,51,1,1,
14,52,1,1,
14,53,1,1,
14,54,1,1,
14,55,1,1,
14,56,1,1,
14,57,1,1,
14,58,1,1,
14,59,1,1,
14,60,1,1,
14,61,1,1,
14,62,1,1,
14,63,1,1,
14,64,1,1,
14,65,1,1,
14,66,1,1,
14,67,1,1,
14,68,1,1,
14,69,1,1,
14,70,1,1,
14,71,1,1,
14,72,1,1,
14,73,1,1,
14,74,1,1,
14,75,1,1,
14,76,1,1,
14,77,1,1,
14,78,1,1,
14,79,1,1,
14,80,1,1,
14,81,1,1,
14,82,1,1,
14,83,1,1,
14,84,1,1,
14,85,1,1,
14,86,1,1,
14,87,1,1,
14,88,1,1,
14,89,1,1,
14,90,1,1,
14,91,1,1,
14,92,1,1,
14,93,1,1,
14,94,1,1,
14,95,1,1,
14,96,1,1,
14,97,1,1,
14,98,1,1,
14,99,1,1,
14,100,1,1,
14,101,1,1,
14,102,1,1,
14,103,1,1,
14,104,1,1,
14,105,1,1,
14,106,1,1,
14,107,1,1,
14,108,1,1,
14,109,1,1,
14,110,1,1,
14,111,1,1,
14,112,1,1,
14,113,1,1,
14,114,1,1,
14,115,1,1,
14,116,1,1,
14,117,1,1,
14,118,1,1,
14,119,1,1,
14,120,1,1,
14,121,1,1,
14,122,1,1,
14,123,1,1,
14,124,1,1,
14,125,1,1,
14,126,1,1,
14,127,1,1,
14,128,1,1,
14,129,1,1,
14,130,1,1,
14,131,1,1,
14,132,1,1,
58,1,1,1,
58,2,1,1,
58,3,1,1,
58,4,1,1,
58,5,1,1,
58,6,1,1,
58,7,1,1,
58,8,1,1,
58,9,1,1,
58,10,1,1,
58,11,1,1,
58,12,1,1,
58,13,1,1,
58,14,1,1,
58,15,1,1,
58,16,1,1,
58,17,1,1,
58,18,1,1,
58,19,1,1,
58,20,1,1,
58,21,1,1,
58,22,1,1,
58,23,1,1,
58,24,1,1,
58,25,1,1,
58,26,1,1,
58,27,1,1,
58,28,1,1,
58,29,1,1,
58,30,1,1,
58,31,1,1,
58,32,1,1,
58,33,1,1,
58,34,1,1,
58,35,1,1,
58,36,1,1,
58,37,1,1,
58,38,1,1,
58,39,1,1,
58,40,1,1,
58,41,1,1,
58,42,1,1,
58,43,1,1,
58,44,1,1,
58,45,1,1,
58,46,1,1,
58,47,1,1,
58,48,1,1,
58,49,1,1,
58,50,1,1,
58,51,1,1,
58,52,1,1,
58,53,1,1,
58,54,1,1,
58,55,1,1,
58,56,1,1,
58,57,1,1,
58,58,1,1,
58,59,1,1,
58,60,1,1,
100,1,1,1,
100,2,1,1,
100,3,1,1,
100,4,1,1,
100,5,1,1,
100,6,1,1,
100,7,1,1,
100,8,1,1,
100,9,1,1,
100,10,1,1,
100,11,1,1,
100,12,1,1,
100,13,1,1,
100,14,1,1,
100,15,1,1,
100,16,1,1,
100,17,1,1,
100,18,1,1,
100,19,1,1,
100,20,1,1,
100,21,1,1,
100,22,1,1,
100,23,1,1,
100,24,1,1,
100,25,1,1,
100,26,1,1,
100,27,1,1,
100,28,1,1,
15,1,1,1,
15,2,1,1,
15,3,1,1,
15,4,1,1,
15,5,1,1,
15,6,1,1,
15,7,1,1,
15,8,1,1,
15,9,1,1,
15,10,1,1,
15,11,1,1,
15,12,1,1,
15,13,1,1,
15,14,1,1,
15,15,1,1,
15,16,1,1,
15,17,1,1,
15,18,1,1,
15,19,1,1,
15,20,1,1,
15,21,1,1,
15,22,1,1,
15,23,1,1,
15,24,1,1,
15,25,1,1,
15,26,1,1,
15,27,1,1,
15,28,1,1,
15,29,1,1,
15,30,1,1,
15,31,1,1,
15,32,1,1,
15,33,1,1,
15,34,1,1,
15,35,1,1,
15,36,1,1,
15,37,1,1,
15,38,1,1,
15,39,1,1,
15,40,1,1,
15,41,1,1,
15,42,1,1,
15,43,1,1,
15,44,1,1,
15,45,1,1,
15,46,1,1,
15,47,1,1,
15,48,1,1,
15,49,1,1,
15,50,1,1,
15,51,1,1,
15,52,1,1,
15,53,1,1,
15,54,1,1,
15,55,1,1,
15,56,1,1,
15,57,1,1,
15,58,1,1,
15,59,1,1,
15,60,1,1,
15,61,1,1,
15,62,1,1,
15,63,1,1,
15,64,1,1,
15,65,1,1,
15,66,1,1,
15,67,1,1,
15,68,1,1,
15,69,1,1,
15,70,1,1,
15,71,1,1,
15,72,1,1,
15,73,1,1,
15,74,1,1,
15,75,1,1,
15,76,1,1,
15,77,1,1,
15,78,1,1,
15,79,1,1,
15,80,1,1,
15,81,1,1,
15,82,1,1,
15,83,1,1,
15,84,1,1,
15,85,1,1,
15,86,1,1,
15,87,1,1,
15,88,1,1,
15,89,1,1,
15,90,1,1,
15,91,1,1,
15,92,1,1,
15,93,1,1,
15,94,1,1,
15,95,1,1,
15,96,1,1,
15,97,1,1,
15,98,1,1,
15,99,1,1,
15,100,1,1,
15,101,1,1,
15,102,1,1,
15,103,1,1,
15,104,1,1,
15,105,1,1,
15,106,1,1,
15,107,1,1,
15,108,1,1,
15,109,1,1,
15,110,1,1,
15,111,1,1,
15,112,1,1,
15,113,1,1,
15,114,1,1,
15,115,1,1,
15,116,1,1,
15,117,1,1,
15,118,1,1,
15,119,1,1,
15,120,1,1,
15,121,1,1,
15,122,1,1,
15,123,1,1,
15,124,1,1,
15,125,1,1,
15,126,1,1,
15,127,1,1,
15,128,1,1,
15,129,1,1,
15,130,1,1,
15,131,1,1,
15,132,1,1,
15,133,1,1,
15,134,1,1,
15,135,1,1,
15,136,1,1,
15,137,1,1,
15,138,1,1,
15,139,1,1,
15,140,1,1,
15,141,1,1,
15,142,1,1,
15,143,1,1,
15,144,1,1,
15,145,1,1,
15,146,1,1,
15,147,1,1,
15,148,1,1,
15,149,1,1,
59,1,1,1,
59,2,1,1,
59,3,1,1,
59,4,1,1,
59,5,1,1,
59,6,1,1,
59,7,1,1,
59,8,1,1,
59,9,1,1,
59,10,1,1,
59,11,1,1,
59,12,1,1,
59,13,1,1,
59,14,1,1,
59,15,1,1,
59,16,1,1,
59,17,1,1,
59,18,1,1,
59,19,1,1,
59,20,1,1,
59,21,1,1,
59,22,1,1,
59,23,1,1,
59,24,1,1,
59,25,1,1,
59,26,1,1,
59,27,1,1,
59,28,1,1,
59,29,1,1,
59,30,1,1,
59,31,1,1,
59,32,1,1,
59,33,1,1,
59,34,1,1,
59,35,1,1,
59,36,1,1,
59,37,1,1,
59,38,1,1,
101,1,1,1,
101,2,1,1,
101,3,1,1,
101,4,1,1,
101,5,1,1,
101,6,1,1,
101,7,1,1,
101,8,1,1,
101,9,1,1,
101,10,1,1,
101,11,1,1,
101,12,1,1,
101,13,1,1,
101,14,1,1,
101,15,1,1,
101,16,1,1,
101,17,1,1,
101,18,1,1,
101,19,1,1,
101,20,1,1,
101,21,1,1,
101,22,1,1,
101,23,1,1,
101,24,1,1,
101,25,1,1,
101,26,1,1,
101,27,1,1,
101,28,1,1,
101,29,1,1,
101,30,1,1,
101,31,1,1,
101,32,1,1,
101,33,1,1,
101,34,1,1,
101,35,1,1,
101,36,1,1,
101,37,1,1,
101,38,1,1,
101,39,1,1,
101,40,1,1,
101,41,1,1,
101,42,1,1,
101,43,1,1,
101,44,1,1,
101,45,1,1,
101,46,1,1,
101,47,1,1,
101,48,1,1,
101,49,1,1,
101,50,1,1,
101,51,1,1,
101,52,1,1,
101,53,1,1,
101,54,1,1,
101,55,1,1,
101,56,1,1,
101,57,1,1,
101,58,1,1,
101,59,1,1,
101,60,1,1,
101,61,1,1,
101,62,1,1,
101,63,1,1,
101,64,1,1,
101,65,1,1,
101,66,1,1,
101,67,1,1,
101,68,1,1,
101,69,1,1,
101,70,1,1,
101,71,1,1,
101,72,1,1,
101,73,1,1,
101,74,1,1,
101,75,1,1,
101,76,1,1,
101,77,1,1,
101,78,1,1,
101,79,1,1,
101,80,1,1,
101,81,1,1,
101,82,1,1,
101,83,1,1,
101,84,1,1,
101,85,1,1,
101,86,1,1,
101,87,1,1,
101,88,1,1,
101,89,1,1,
101,90,1,1,
101,91,1,1,
16,1,1,1,
16,2,1,1,
16,3,1,1,
16,4,1,1,
16,5,1,1,
16,6,1,1,
16,7,1,1,
16,8,1,1,
16,9,1,1,
16,10,1,1,
16,11,1,1,
16,12,1,1,
16,13,1,1,
16,14,1,1,
16,15,1,1,
16,16,1,1,
16,17,1,1,
16,18,1,1,
16,19,1,1,
16,20,1,1,
16,21,1,1,
16,22,1,1,
16,23,1,1,
16,24,1,1,
16,25,1,1,
16,26,1,1,
16,27,1,1,
16,28,1,1,
16,29,1,1,
16,30,1,1,
16,31,1,1,
16,32,1,1,
16,33,1,1,
16,34,1,1,
16,35,1,1,
16,36,1,1,
16,37,1,1,
16,38,1,1,
16,39,1,1,
16,40,1,1,
16,41,1,1,
16,42,1,1,
16,43,1,1,
16,44,1,1,
16,45,1,1,
16,46,1,1,
16,47,1,1,
16,48,1,1,
16,49,1,1,
16,50,1,1,
16,51,1,1,
16,52,1,1,
16,53,1,1,
16,54,1,1,
16,55,1,1,
16,56,1,1,
16,57,1,1,
16,58,1,1,
16,59,1,1,
16,60,1,1,
16,61,1,1,
16,62,1,1,
16,63,1,1,
16,64,1,1,
16,65,1,1,
16,66,1,1,
16,67,1,1,
16,68,1,1,
16,69,1,1,
16,70,1,1,
16,71,1,1,
16,72,1,1,
16,73,1,1,
16,74,1,1,
16,75,1,1,
16,76,1,1,
16,77,1,1,
16,78,1,1,
16,79,1,1,
16,80,1,1,
16,81,1,1,
16,82,1,1,
16,83,1,1,
16,84,1,1,
16,85,1,1,
16,86,1,1,
16,87,1,1,
16,88,1,1,
16,89,1,1,
16,90,1,1,
16,91,1,1,
16,92,1,1,
16,93,1,1,
16,94,1,1,
16,95,1,1,
16,96,1,1,
16,97,1,1,
16,98,1,1,
16,99,1,1,
16,100,1,1,
16,101,1,1,
16,102,1,1,
16,103,1,1,
16,104,1,1,
16,105,1,1,
16,106,1,1,
16,107,1,1,
16,108,1,1,
16,109,1,1,
16,110,1,1,
16,111,1,1,
16,112,1,1,
16,113,1,1,
16,114,1,1,
16,115,1,1,
16,116,1,1,
16,117,1,1,
16,118,1,1,
16,119,1,1,
16,120,1,1,
16,121,1,1,
16,122,1,1,
16,123,1,1,
16,124,1,1,
16,125,1,1,
16,126,1,1,
16,127,1,1,
16,128,1,1,
16,129,1,1,
16,130,1,1,
16,131,1,1,
16,132,1,1,
16,133,1,1,
16,134,1,1,
16,135,1,1,
16,136,1,1,
16,137,1,1,
16,138,1,1,
16,139,1,1,
16,140,1,1,
16,141,1,1,
16,142,1,1,
16,143,1,1,
16,144,1,1,
16,145,1,1,
16,146,1,1,
16,147,1,1,
16,148,1,1,
16,149,1,1,
16,150,1,1,
16,151,1,1,
16,152,1,1,
16,153,1,1,
16,154,1,1,
16,155,1,1,
16,156,1,1,
60,1,1,1,
60,2,1,1,
60,3,1,1,
60,4,1,1,
60,5,1,1,
60,6,1,1,
60,7,1,1,
60,8,1,1,
60,9,1,1,
60,10,1,1,
60,11,1,1,
60,12,1,1,
60,13,1,1,
60,14,1,1,
60,15,1,1,
60,16,1,1,
60,17,1,1,
60,18,1,1,
60,19,1,1,
60,20,1,1,
60,21,1,1,
60,22,1,1,
60,23,1,1,
60,24,1,1,
60,25,1,1,
60,26,1,1,
60,27,1,1,
60,28,1,1,
60,29,1,1,
60,30,1,1,
60,31,1,1,
60,32,1,1,
60,33,1,1,
60,34,1,1,
60,35,1,1,
60,36,1,1,
60,37,1,1,
60,38,1,1,
60,39,1,1,
60,40,1,1,
60,41,1,1,
60,42,1,1,
60,43,1,1,
102,1,1,1,
102,2,1,1,
102,3,1,1,
102,4,1,1,
102,5,1,1,
102,6,1,1,
102,7,1,1,
102,8,1,1,
102,9,1,1,
102,10,1,1,
102,11,1,1,
102,12,1,1,
102,13,1,1,
102,14,1,1,
102,15,1,1,
102,16,1,1,
102,17,1,1,
102,18,1,1,
102,19,1,1,
102,20,1,1,
102,21,1,1,
102,22,1,1,
102,23,1,1,
102,24,1,1,
102,25,1,1,
102,26,1,1,
102,27,1,1,
102,28,1,1,
102,29,1,1,
102,30,1,1,
102,31,1,1,
102,32,1,1,
102,33,1,1,
17,1,1,1,
17,2,1,1,
17,3,1,1,
17,4,1,1,
17,5,1,1,
17,6,1,1,
17,7,1,1,
17,8,1,1,
17,9,1,1,
17,10,1,1,
17,11,1,1,
17,12,1,1,
17,13,1,1,
17,14,1,1,
17,15,1,1,
17,16,1,1,
17,17,1,1,
17,18,1,1,
17,19,1,1,
17,20,1,1,
17,21,1,1,
17,22,1,1,
17,23,1,1,
17,24,1,1,
17,25,1,1,
17,26,1,1,
17,27,1,1,
17,28,1,1,
17,29,1,1,
17,30,1,1,
17,31,1,1,
17,32,1,1,
17,33,1,1,
17,34,1,1,
17,35,1,1,
17,36,1,1,
17,37,1,1,
17,38,1,1,
17,39,1,1,
17,40,1,1,
17,41,1,1,
17,42,1,1,
17,43,1,1,
17,44,1,1,
17,45,1,1,
17,46,1,1,
17,47,1,1,
17,48,1,1,
17,49,1,1,
17,50,1,1,
17,51,1,1,
17,52,1,1,
17,53,1,1,
17,54,1,1,
17,55,1,1,
17,56,1,1,
17,57,1,1,
17,58,1,1,
17,59,1,1,
17,60,1,1,
17,61,1,1,
17,62,1,1,
17,63,1,1,
17,64,1,1,
17,65,1,1,
17,66,1,1,
17,67,1,1,
17,68,1,1,
17,69,1,1,
17,70,1,1,
17,71,1,1,
17,72,1,1,
17,73,1,1,
17,74,1,1,
17,75,1,1,
17,76,1,1,
17,77,1,1,
17,78,1,1,
17,79,1,1,
17,80,1,1,
17,81,1,1,
17,82,1,1,
17,83,1,1,
17,84,1,1,
17,85,1,1,
17,86,1,1,
17,87,1,1,
17,88,1,1,
17,89,1,1,
17,90,1,1,
17,91,1,1,
17,92,1,1,
17,93,1,1,
17,94,1,1,
17,95,1,1,
17,96,1,1,
17,97,1,1,
17,98,1,1,
17,99,1,1,
17,100,1,1,
17,101,1,1,
17,102,1,1,
17,103,1,1,
17,104,1,1,
17,105,1,1,
17,106,1,1,
17,107,1,1,
17,108,1,1,
17,109,1,1,
17,110,1,1,
17,111,1,1,
17,112,1,1,
17,113,1,1,
17,114,1,1,
17,115,1,1,
17,116,1,1,
61,1,1,1,
61,2,1,1,
61,3,1,1,
61,4,1,1,
61,5,1,1,
61,6,1,1,
61,7,1,1,
61,8,1,1,
61,9,1,1,
61,10,1,1,
61,11,1,1,
61,12,1,1,
61,13,1,1,
61,14,1,1,
61,15,1,1,
61,16,1,1,
61,17,1,1,
61,18,1,1,
61,19,1,1,
61,20,1,1,
61,21,1,1,
61,22,1,1,
61,23,1,1,
61,24,1,1,
61,25,1,1,
61,26,1,1,
61,27,1,1,
61,28,1,1,
103,1,1,1,
103,2,1,1,
103,3,1,1,
103,4,1,1,
103,5,1,1,
103,6,1,1,
103,7,1,1,
103,8,1,1,
103,9,1,1,
103,10,1,1,
103,11,1,1,
103,12,1,1,
103,13,1,1,
103,14,1,1,
103,15,1,1,
103,16,1,1,
103,17,1,1,
103,18,1,1,
103,19,1,1,
103,20,1,1,
103,21,1,1,
103,22,1,1,
103,23,1,1,
103,24,1,1,
103,25,1,1,
18,1,1,1,
18,2,1,1,
18,3,1,1,
18,4,1,1,
18,5,1,1,
18,6,1,1,
18,7,1,1,
18,8,1,1,
18,9,1,1,
18,10,1,1,
18,11,1,1,
18,12,1,1,
18,13,1,1,
18,14,1,1,
18,15,1,1,
18,16,1,1,
18,17,1,1,
18,18,1,1,
18,19,1,1,
18,20,1,1,
18,21,1,1,
18,22,1,1,
18,23,1,1,
18,24,1,1,
18,25,1,1,
18,26,1,1,
18,27,1,1,
18,28,1,1,
18,29,1,1,
18,30,1,1,
18,31,1,1,
18,32,1,1,
18,33,1,1,
18,34,1,1,
18,35,1,1,
18,36,1,1,
18,37,1,1,
18,38,1,1,
18,39,1,1,
18,40,1,1,
18,41,1,1,
18,42,1,1,
18,43,1,1,
18,44,1,1,
18,45,1,1,
18,46,1,1,
18,47,1,1,
18,48,1,1,
18,49,1,1,
18,50,1,1,
18,51,1,1,
18,52,1,1,
18,53,1,1,
18,54,1,1,
18,55,1,1,
18,56,1,1,
18,57,1,1,
18,58,1,1,
18,59,1,1,
18,60,1,1,
18,61,1,1,
18,62,1,1,
18,63,1,1,
18,64,1,1,
18,65,1,1,
18,66,1,1,
18,67,1,1,
18,68,1,1,
18,69,1,1,
18,70,1,1,
18,71,1,1,
18,72,1,1,
18,73,1,1,
18,74,1,1,
18,75,1,1,
18,76,1,1,
18,77,1,1,
18,78,1,1,
18,79,1,1,
18,80,1,1,
18,81,1,1,
18,82,1,1,
18,83,1,1,
18,84,1,1,
18,85,1,1,
18,86,1,1,
18,87,1,1,
18,88,1,1,
18,89,1,1,
18,90,1,1,
18,91,1,1,
18,92,1,1,
18,93,1,1,
18,94,1,1,
18,95,1,1,
18,96,1,1,
18,97,1,1,
18,98,1,1,
18,99,1,1,
18,100,1,1,
18,101,1,1,
18,102,1,1,
18,103,1,1,
18,104,1,1,
18,105,1,1,
18,106,1,1,
18,107,1,1,
18,108,1,1,
18,109,1,1,
18,110,1,1,
18,111,1,1,
18,112,1,1,
18,113,1,1,
18,114,1,1,
62,1,1,1,
62,2,1,1,
62,3,1,1,
62,4,1,1,
62,5,1,1,
62,6,1,1,
62,7,1,1,
62,8,1,1,
62,9,1,1,
62,10,1,1,
62,11,1,1,
62,12,1,1,
62,13,1,1,
62,14,1,1,
62,15,1,1,
62,16,1,1,
62,17,1,1,
62,18,1,1,
62,19,1,1,
62,20,1,1,
62,21,1,1,
62,22,1,1,
62,23,1,1,
62,24,1,1,
62,25,1,1,
62,26,1,1,
62,27,1,1,
62,28,1,1,
62,29,1,1,
62,30,1,1,
62,31,1,1,
62,32,1,1,
62,33,1,1,
62,34,1,1,
62,35,1,1,
62,36,1,1,
62,37,1,1,
62,38,1,1,
62,39,1,1,
62,40,1,1,
62,41,1,1,
62,42,1,1,
62,43,1,1,
62,44,1,1,
62,45,1,1,
62,46,1,1,
62,47,1,1,
62,48,1,1,
62,49,1,1,
62,50,1,1,
62,51,1,1,
62,52,1,1,
62,53,1,1,
62,54,1,1,
62,55,1,1,
62,56,1,1,
62,57,1,1,
104,1,1,1,
104,2,1,1,
104,3,1,1,
104,4,1,1,
104,5,1,1,
104,6,1,1,
104,7,1,1,
104,8,1,1,
104,9,1,1,
104,10,1,1,
104,11,1,1,
104,12,1,1,
104,13,1,1,
104,14,1,1,
104,15,1,1,
104,16,1,1,
104,17,1,1,
104,18,1,1,
104,19,1,1,
104,20,1,1,
104,21,1,1,
104,22,1,1,
104,23,1,1,
104,24,1,1,
104,25,1,1,
104,26,1,1,
104,27,1,1,
104,28,1,1,
104,29,1,1,
104,30,1,1,
104,31,1,1,
104,32,1,1,
104,33,1,1,
19,1,1,1,
19,2,1,1,
19,3,1,1,
19,4,1,1,
19,5,1,1,
19,6,1,1,
19,7,1,1,
19,8,1,1,
19,9,1,1,
19,10,1,1,
19,11,1,1,
19,12,1,1,
19,13,1,1,
19,14,1,1,
19,15,1,1,
19,16,1,1,
19,17,1,1,
19,18,1,1,
19,19,1,1,
19,20,1,1,
19,21,1,1,
19,22,1,1,
19,23,1,1,
19,24,1,1,
19,25,1,1,
19,26,1,1,
19,27,1,1,
19,28,1,1,
19,29,1,1,
19,30,1,1,
19,31,1,1,
19,32,1,1,
19,33,1,1,
19,34,1,1,
19,35,1,1,
19,36,1,1,
19,37,1,1,
19,38,1,1,
19,39,1,1,
19,40,1,1,
19,41,1,1,
19,42,1,1,
19,43,1,1,
19,44,1,1,
19,45,1,1,
19,46,1,1,
19,47,1,1,
19,48,1,1,
19,49,1,1,
19,50,1,1,
19,51,1,1,
19,52,1,1,
19,53,1,1,
19,54,1,1,
19,55,1,1,
19,56,1,1,
19,57,1,1,
19,58,1,1,
19,59,1,1,
19,60,1,1,
19,61,1,1,
19,62,1,1,
19,63,1,1,
19,64,1,1,
19,65,1,1,
19,66,1,1,
19,67,1,1,
19,68,1,1,
19,69,1,1,
19,70,1,1,
19,71,1,1,
19,72,1,1,
19,73,1,1,
19,74,1,1,
19,75,1,1,
19,76,1,1,
19,77,1,1,
19,78,1,1,
19,79,1,1,
19,80,1,1,
19,81,1,1,
19,82,1,1,
19,83,1,1,
19,84,1,1,
19,85,1,1,
19,86,1,1,
19,87,1,1,
19,88,1,1,
19,89,1,1,
19,90,1,1,
19,91,1,1,
19,92,1,1,
19,93,1,1,
19,94,1,1,
19,95,1,1,
19,96,1,1,
19,97,1,1,
19,98,1,1,
19,99,1,1,
19,100,1,1,
19,101,1,1,
19,102,1,1,
19,103,1,1,
19,104,1,1,
19,105,1,1,
19,106,1,1,
19,107,1,1,
19,108,1,1,
19,109,1,1,
19,110,1,1,
19,111,1,1,
19,112,1,1,
19,113,1,1,
19,114,1,1,
19,115,1,1,
19,116,1,1,
19,117,1,1,
19,118,1,1,
19,119,1,1,
19,120,1,1,
19,121,1,1,
19,122,1,1,
19,123,1,1,
19,124,1,1,
19,125,1,1,
19,126,1,1,
19,127,1,1,
19,128,1,1,
19,129,1,1,
19,130,1,1,
19,131,1,1,
19,132,1,1,
19,133,1,1,
19,134,1,1,
19,135,1,1,
19,136,1,1,
19,137,1,1,
19,138,1,1,
19,139,1,1,
19,140,1,1,
19,141,1,1,
19,142,1,1,
19,143,1,1,
19,144,1,1,
19,145,1,1,
19,146,1,1,
19,147,1,1,
19,148,1,1,
19,149,1,1,
19,150,1,1,
19,151,1,1,
19,152,1,1,
19,153,1,1,
19,154,1,1,
19,155,1,1,
19,156,1,1,
19,157,1,1,
63,1,1,1,
63,2,1,1,
63,3,1,1,
63,4,1,1,
63,5,1,1,
63,6,1,1,
63,7,1,1,
63,8,1,1,
63,9,1,1,
63,10,1,1,
63,11,1,1,
63,12,1,1,
63,13,1,1,
63,14,1,1,
63,15,1,1,
63,16,1,1,
63,17,1,1,
63,18,1,1,
63,19,1,1,
63,20,1,1,
63,21,1,1,
63,22,1,1,
63,23,1,1,
63,24,1,1,
63,25,1,1,
63,26,1,1,
63,27,1,1,
63,28,1,1,
63,29,1,1,
63,30,1,1,
63,31,1,1,
63,32,1,1,
63,33,1,1,
63,34,1,1,
63,35,1,1,
63,36,1,1,
63,37,1,1,
63,38,1,1,
63,39,1,1,
63,40,1,1,
63,41,1,1,
63,42,1,1,
63,43,1,1,
63,44,1,1,
63,45,1,1,
63,46,1,1,
63,47,1,1,
63,48,1,1,
63,49,1,1,
63,50,1,1,
63,51,1,1,
63,52,1,1,
63,53,1,1,
63,54,1,1,
63,55,1,1,
63,56,1,1,
63,57,1,1,
63,58,1,1,
63,59,1,1,
63,60,1,1,
63,61,1,1,
63,62,1,1,
63,63,1,1,
63,64,1,1,
63,65,1,1,
63,66,1,1,
63,67,1,1,
63,68,1,1,
63,69,1,1,
63,70,1,1,
63,71,1,1,
63,72,1,1,
63,73,1,1,
63,74,1,1,
63,75,1,1,
63,76,1,1,
63,77,1,1,
63,78,1,1,
63,79,1,1,
63,80,1,1,
63,81,1,1,
63,82,1,1,
63,83,1,1,
63,84,1,1,
63,85,1,1,
63,86,1,1,
63,87,1,1,
63,88,1,1,
63,89,1,1,
63,90,1,1,
63,91,1,1,
63,92,1,1,
63,93,1,1,
63,94,1,1,
63,95,1,1,
63,96,1,1,
63,97,1,1,
63,98,1,1,
63,99,1,1,
63,100,1,1,
63,101,1,1,
63,102,1,1,
63,103,1,1,
105,1,1,1,
105,2,1,1,
105,3,1,1,
105,4,1,1,
105,5,1,1,
105,6,1,1,
105,7,1,1,
105,8,1,1,
105,9,1,1,
105,10,1,1,
105,11,1,1,
105,12,1,1,
105,13,1,1,
105,14,1,1,
105,15,1,1,
105,16,1,1,
105,17,1,1,
105,18,1,1,
105,19,1,1,
105,20,1,1,
105,21,1,1,
105,22,1,1,
105,23,1,1,
105,24,1,1,
105,25,1,1,
105,26,1,1,
105,27,1,1,
105,28,1,1,
105,29,1,1,
105,30,1,1,
20,1,1,1,
20,2,1,1,
20,3,1,1,
20,4,1,1,
20,5,1,1,
20,6,1,1,
20,7,1,1,
20,8,1,1,
20,9,1,1,
20,10,1,1,
20,11,1,1,
20,12,1,1,
20,13,1,1,
20,14,1,1,
20,15,1,1,
20,16,1,1,
20,17,1,1,
20,18,1,1,
20,19,1,1,
20,20,1,1,
20,21,1,1,
20,22,1,1,
20,23,1,1,
20,24,1,1,
20,25,1,1,
20,26,1,1,
20,27,1,1,
20,28,1,1,
20,29,1,1,
20,30,1,1,
20,31,1,1,
20,32,1,1,
20,33,1,1,
20,34,1,1,
20,35,1,1,
20,36,1,1,
20,37,1,1,
20,38,1,1,
20,39,1,1,
20,40,1,1,
20,41,1,1,
20,42,1,1,
20,43,1,1,
20,44,1,1,
20,45,1,1,
20,46,1,1,
20,47,1,1,
20,48,1,1,
20,49,1,1,
20,50,1,1,
20,51,1,1,
20,52,1,1,
20,53,1,1,
20,54,1,1,
20,55,1,1,
20,56,1,1,
20,57,1,1,
20,58,1,1,
20,59,1,1,
20,60,1,1,
20,61,1,1,
20,62,1,1,
20,63,1,1,
20,64,1,1,
20,65,1,1,
20,66,1,1,
20,67,1,1,
20,68,1,1,
20,69,1,1,
20,70,1,1,
20,71,1,1,
20,72,1,1,
20,73,1,1,
20,74,1,1,
20,75,1,1,
20,76,1,1,
20,77,1,1,
20,78,1,1,
20,79,1,1,
20,80,1,1,
20,81,1,1,
20,82,1,1,
20,83,1,1,
20,84,1,1,
20,85,1,1,
20,86,1,1,
20,87,1,1,
20,88,1,1,
20,89,1,1,
20,90,1,1,
20,91,1,1,
20,92,1,1,
20,93,1,1,
20,94,1,1,
20,95,1,1,
20,96,1,1,
20,97,1,1,
20,98,1,1,
20,99,1,1,
20,100,1,1,
20,101,1,1,
20,102,1,1,
20,103,1,1,
20,104,1,1,
20,105,1,1,
20,106,1,1,
20,107,1,1,
20,108,1,1,
20,109,1,1,
20,110,1,1,
20,111,1,1,
20,112,1,1,
20,113,1,1,
20,114,1,1,
20,115,1,1,
20,116,1,1,
20,117,1,1,
20,118,1,1,
20,119,1,1,
20,120,1,1,
20,121,1,1,
20,122,1,1,
64,1,1,1,
64,2,1,1,
64,3,1,1,
64,4,1,1,
64,5,1,1,
64,6,1,1,
64,7,1,1,
64,8,1,1,
64,9,1,1,
64,10,1,1,
64,11,1,1,
64,12,1,1,
64,13,1,1,
64,14,1,1,
64,15,1,1,
64,16,1,1,
64,17,1,1,
64,18,1,1,
64,19,1,1,
64,20,1,1,
64,21,1,1,
64,22,1,1,
64,23,1,1,
64,24,1,1,
64,25,1,1,
64,26,1,1,
64,27,1,1,
64,28,1,1,
64,29,1,1,
64,30,1,1,
64,31,1,1,
64,32,1,1,
64,33,1,1,
64,34,1,1,
64,35,1,1,
64,36,1,1,
64,37,1,1,
106,1,1,1,
106,2,1,1,
106,3,1,1,
106,4,1,1,
106,5,1,1,
106,6,1,1,
106,7,1,1,
106,8,1,1,
106,9,1,1,
106,10,1,1,
106,11,1,1,
106,12,1,1,
106,13,1,1,
106,14,1,1,
106,15,1,1,
106,16,1,1,
106,17,1,1,
106,18,1,1,
106,19,1,1,
106,20,1,1,
106,21,1,1,
21,1,1,1,
21,2,1,1,
21,3,1,1,
21,4,1,1,
21,5,1,1,
21,6,1,1,
21,7,1,1,
21,8,1,1,
21,9,1,1,
21,10,1,1,
21,11,1,1,
21,12,1,1,
21,13,1,1,
21,14,1,1,
21,15,1,1,
21,16,1,1,
21,17,1,1,
21,18,1,1,
21,19,1,1,
21,20,1,1,
21,21,1,1,
21,22,1,1,
21,23,1,1,
21,24,1,1,
21,25,1,1,
21,26,1,1,
21,27,1,1,
21,28,1,1,
21,29,1,1,
21,30,1,1,
21,31,1,1,
21,32,1,1,
21,33,1,1,
21,34,1,1,
21,35,1,1,
21,36,1,1,
21,37,1,1,
21,38,1,1,
21,39,1,1,
21,40,1,1,
21,41,1,1,
21,42,1,1,
21,43,1,1,
21,44,1,1,
21,45,1,1,
21,46,1,1,
21,47,1,1,
21,48,1,1,
21,49,1,1,
21,50,1,1,
21,51,1,1,
21,52,1,1,
21,53,1,1,
21,54,1,1,
21,55,1,1,
21,56,1,1,
21,57,1,1,
21,58,1,1,
21,59,1,1,
21,60,1,1,
21,61,1,1,
21,62,1,1,
21,63,1,1,
21,64,1,1,
21,65,1,1,
21,66,1,1,
21,67,1,1,
21,68,1,1,
21,69,1,1,
21,70,1,1,
21,71,1,1,
21,72,1,1,
21,73,1,1,
21,74,1,1,
21,75,1,1,
21,76,1,1,
21,77,1,1,
21,78,1,1,
21,79,1,1,
21,80,1,1,
21,81,1,1,
21,82,1,1,
21,83,1,1,
21,84,1,1,
21,85,1,1,
21,86,1,1,
21,87,1,1,
21,88,1,1,
21,89,1,1,
21,90,1,1,
21,91,1,1,
21,92,1,1,
21,93,1,1,
21,94,1,1,
21,95,1,1,
21,96,1,1,
21,97,1,1,
21,98,1,1,
21,99,1,1,
21,100,1,1,
21,101,1,1,
21,102,1,1,
21,103,1,1,
21,104,1,1,
21,105,1,1,
21,106,1,1,
21,107,1,1,
21,108,1,1,
21,109,1,1,
21,110,1,1,
21,111,1,1,
65,1,1,1,
65,2,1,1,
65,3,1,1,
65,4,1,1,
65,5,1,1,
65,6,1,1,
65,7,1,1,
65,8,1,1,
65,9,1,1,
65,10,1,1,
65,11,1,1,
65,12,1,1,
65,13,1,1,
65,14,1,1,
65,15,1,1,
65,16,1,1,
107,1,1,1,
107,2,1,1,
107,3,1,1,
107,4,1,1,
107,5,1,1,
107,6,1,1,
107,7,1,1,
107,8,1,1,
107,9,1,1,
107,10,1,1,
107,11,1,1,
107,12,1,1,
107,13,1,1,
107,14,1,1,
107,15,1,1,
107,16,1,1,
107,17,1,1,
22,1,1,1,
22,2,1,1,
22,3,1,1,
22,4,1,1,
22,5,1,1,
22,6,1,1,
22,7,1,1,
22,8,1,1,
22,9,1,1,
22,10,1,1,
22,11,1,1,
22,12,1,1,
22,13,1,1,
22,14,1,1,
22,15,1,1,
22,16,1,1,
22,17,1,1,
22,18,1,1,
22,19,1,1,
22,20,1,1,
22,21,1,1,
22,22,1,1,
22,23,1,1,
22,24,1,1,
22,25,1,1,
22,26,1,1,
22,27,1,1,
22,28,1,1,
22,29,1,1,
22,30,1,1,
22,31,1,1,
22,32,1,1,
22,33,1,1,
22,34,1,1,
22,35,1,1,
22,36,1,1,
22,37,1,1,
22,38,1,1,
22,39,1,1,
22,40,1,1,
22,41,1,1,
22,42,1,1,
22,43,1,1,
22,44,1,1,
22,45,1,1,
22,46,1,1,
22,47,1,1,
22,48,1,1,
22,49,1,1,
22,50,1,1,
22,51,1,1,
22,52,1,1,
22,53,1,1,
22,54,1,1,
22,55,1,1,
22,56,1,1,
22,57,1,1,
22,58,1,1,
22,59,1,1,
22,60,1,1,
22,61,1,1,
22,62,1,1,
22,63,1,1,
22,64,1,1,
22,65,1,1,
22,66,1,1,
22,67,1,1,
22,68,1,1,
22,69,1,1,
22,70,1,1,
22,71,1,1,
22,72,1,1,
22,73,1,1,
22,74,1,1,
22,75,1,1,
22,76,1,1,
22,77,1,1,
22,78,1,1,
22,79,1,1,
22,80,1,1,
22,81,1,1,
22,82,1,1,
22,83,1,1,
22,84,1,1,
22,85,1,1,
22,86,1,1,
22,87,1,1,
22,88,1,1,
22,89,1,1,
22,90,1,1,
22,91,1,1,
22,92,1,1,
22,93,1,1,
22,94,1,1,
22,95,1,1,
22,96,1,1,
22,97,1,1,
22,98,1,1,
22,99,1,1,
22,100,1,1,
22,101,1,1,
22,102,1,1,
22,103,1,1,
22,104,1,1,
22,105,1,1,
22,106,1,1,
22,107,1,1,
22,108,1,1,
22,109,1,1,
22,110,1,1,
22,111,1,1,
22,112,1,1,
22,113,1,1,
22,114,1,1,
22,115,1,1,
22,116,1,1,
22,117,1,1,
22,118,1,1,
22,119,1,1,
22,120,1,1,
22,121,1,1,
22,122,1,1,
22,123,1,1,
22,124,1,1,
22,125,1,1,
22,126,1,1,
22,127,1,1,
66,1,1,1,
66,2,1,1,
66,3,1,1,
66,4,1,1,
66,5,1,1,
66,6,1,1,
66,7,1,1,
66,8,1,1,
66,9,1,1,
66,10,1,1,
66,11,1,1,
66,12,1,1,
66,13,1,1,
66,14,1,1,
66,15,1,1,
66,16,1,1,
66,17,1,1,
66,18,1,1,
66,19,1,1,
66,20,1,1,
66,21,1,1,
66,22,1,1,
66,23,1,1,
66,24,1,1,
66,25,1,1,
66,26,1,1,
66,27,1,1,
66,28,1,1,
66,29,1,1,
66,30,1,1,
66,31,1,1,
108,1,1,1,
108,2,1,1,
108,3,1,1,
108,4,1,1,
108,5,1,1,
108,6,1,1,
108,7,1,1,
108,8,1,1,
108,9,1,1,
108,10,1,1,
108,11,1,1,
108,12,1,1,
108,13,1,1,
108,14,1,1,
108,15,1,1,
108,16,1,1,
108,17,1,1,
108,18,1,1,
108,19,1,1,
108,20,1,1,
108,21,1,1,
108,22,1,1,
108,23,1,1,
108,24,1,1,
108,25,1,1,
108,26,1,1,
108,27,1,1,
108,28,1,1,
108,29,1,1,
108,30,1,1,
108,31,1,1,
108,32,1,1,
108,33,1,1,
108,34,1,1,
108,35,1,1,
108,36,1,1,
108,37,1,1,
108,38,1,1,
108,39,1,1,
108,40,1,1,
108,41,1,1,
23,1,1,1,
23,2,1,1,
23,3,1,1,
23,4,1,1,
23,5,1,1,
23,6,1,1,
23,7,1,1,
23,8,1,1,
23,9,1,1,
23,10,1,1,
23,11,1,1,
23,12,1,1,
23,13,1,1,
23,14,1,1,
23,15,1,1,
23,16,1,1,
23,17,1,1,
23,18,1,1,
23,19,1,1,
23,20,1,1,
23,21,1,1,
23,22,1,1,
23,23,1,1,
23,24,1,1,
23,25,1,1,
23,26,1,1,
23,27,1,1,
23,28,1,1,
23,29,1,1,
23,30,1,1,
23,31,1,1,
23,32,1,1,
23,33,1,1,
23,34,1,1,
23,35,1,1,
23,36,1,1,
23,37,1,1,
23,38,1,1,
23,39,1,1,
23,40,1,1,
23,41,1,1,
23,42,1,1,
23,43,1,1,
23,44,1,1,
23,45,1,1,
23,46,1,1,
23,47,1,1,
23,48,1,1,
23,49,1,1,
23,50,1,1,
23,51,1,1,
23,52,1,1,
23,53,1,1,
23,54,1,1,
23,55,1,1,
23,56,1,1,
23,57,1,1,
23,58,1,1,
23,59,1,1,
23,60,1,1,
23,61,1,1,
23,62,1,1,
23,63,1,1,
23,64,1,1,
23,65,1,1,
23,66,1,1,
23,67,1,1,
23,68,1,1,
23,69,1,1,
23,70,1,1,
23,71,1,1,
23,72,1,1,
23,73,1,1,
23,74,1,1,
23,75,1,1,
23,76,1,1,
23,77,1,1,
23,78,1,1,
23,79,1,1,
23,80,1,1,
67,1,1,1,
67,2,1,1,
67,3,1,1,
67,4,1,1,
67,5,1,1,
67,6,1,1,
67,7,1,1,
67,8,1,1,
67,9,1,1,
67,10,1,1,
67,11,1,1,
67,12,1,1,
67,13,1,1,
67,14,1,1,
67,15,1,1,
67,16,1,1,
67,17,1,1,
67,18,1,1,
67,19,1,1,
67,20,1,1,
67,21,1,1,
67,22,1,1,
67,23,1,1,
67,24,1,1,
67,25,1,1,
67,26,1,1,
67,27,1,1,
67,28,1,1,
67,29,1,1,
67,30,1,1,
67,31,1,1,
67,32,1,1,
67,33,1,1,
67,34,1,1,
67,35,1,1,
67,36,1,1,
67,37,1,1,
67,38,1,1,
67,39,1,1,
67,40,1,1,
67,41,1,1,
67,42,1,1,
67,43,1,1,
67,44,1,1,
67,45,1,1,
67,46,1,1,
67,47,1,1,
67,48,1,1,
67,49,1,1,
67,50,1,1,
67,51,1,1,
67,52,1,1,
67,53,1,1,
67,54,1,1,
67,55,1,1,
109,1,1,1,
109,2,1,1,
109,3,1,1,
109,4,1,1,
109,5,1,1,
109,6,1,1,
109,7,1,1,
109,8,1,1,
109,9,1,1,
109,10,1,1,
109,11,1,1,
109,12,1,1,
109,13,1,1,
109,14,1,1,
109,15,1,1,
109,16,1,1,
109,17,1,1,
109,18,1,1,
109,19,1,1,
109,20,1,1,
109,21,1,1,
109,22,1,1,
109,23,1,1,
109,24,1,1,
109,25,1,1,
109,26,1,1,
109,27,1,1,
109,28,1,1,
109,29,1,1,
109,30,1,1,
109,31,1,1,
109,32,1,1,
109,33,1,1,
109,34,1,1,
109,35,1,1,
109,36,1,1,
109,37,1,1,
109,38,1,1,
109,39,1,1,
109,40,1,1,
109,41,1,1,
109,42,1,1,
109,43,1,1,
109,44,1,1,
109,45,1,1,
109,46,1,1,
109,47,1,1,
109,48,1,1,
109,49,1,1,
109,50,1,1,
109,51,1,1,
109,52,1,1,
109,53,1,1,
109,54,1,1,
109,55,1,1,
109,56,1,1,
109,57,1,1,
109,58,1,1,
109,59,1,1,
24,1,1,1,
24,2,1,1,
24,3,1,1,
24,4,1,1,
24,5,1,1,
24,6,1,1,
24,7,1,1,
24,8,1,1,
24,9,1,1,
24,10,1,1,
24,11,1,1,
24,12,1,1,
24,13,1,1,
24,14,1,1,
24,15,1,1,
24,16,1,1,
24,17,1,1,
24,18,1,1,
24,19,1,1,
24,20,1,1,
24,21,1,1,
24,22,1,1,
24,23,1,1,
24,24,1,1,
24,25,1,1,
24,26,1,1,
24,27,1,1,
24,28,1,1,
24,29,1,1,
24,30,1,1,
24,31,1,1,
24,32,1,1,
24,33,1,1,
24,34,1,1,
24,35,1,1,
24,36,1,1,
24,37,1,1,
24,38,1,1,
24,39,1,1,
24,40,1,1,
24,41,1,1,
24,42,1,1,
24,43,1,1,
24,44,1,1,
24,45,1,1,
24,46,1,1,
24,47,1,1,
24,48,1,1,
24,49,1,1,
24,50,1,1,
24,51,1,1,
24,52,1,1,
24,53,1,1,
24,54,1,1,
24,55,1,1,
24,56,1,1,
24,57,1,1,
24,58,1,1,
24,59,1,1,
24,60,1,1,
24,61,1,1,
24,62,1,1,
24,63,1,1,
24,64,1,1,
24,65,1,1,
24,66,1,1,
24,67,1,1,
24,68,1,1,
24,69,1,1,
24,70,1,1,
24,71,1,1,
24,72,1,1,
24,73,1,1,
24,74,1,1,
24,75,1,1,
24,76,1,1,
24,77,1,1,
24,78,1,1,
24,79,1,1,
24,80,1,1,
24,81,1,1,
24,82,1,1,
24,83,1,1,
24,84,1,1,
24,85,1,1,
24,86,1,1,
24,87,1,1,
24,88,1,1,
24,89,1,1,
24,90,1,1,
24,91,1,1,
24,92,1,1,
24,93,1,1,
24,94,1,1,
24,95,1,1,
24,96,1,1,
24,97,1,1,
24,98,1,1,
24,99,1,1,
24,100,1,1,
24,101,1,1,
24,102,1,1,
24,103,1,1,
24,104,1,1,
24,105,1,1,
24,106,1,1,
24,107,1,1,
24,108,1,1,
24,109,1,1,
24,110,1,1,
24,111,1,1,
24,112,1,1,
24,113,1,1,
24,114,1,1,
24,115,1,1,
24,116,1,1,
24,117,1,1,
24,118,1,1,
24,119,1,1,
24,120,1,1,
24,121,1,1,
24,122,1,1,
24,123,1,1,
24,124,1,1,
24,125,1,1,
24,126,1,1,
24,127,1,1,
24,128,1,1,
24,129,1,1,
24,130,1,1,
24,131,1,1,
24,132,1,1,
24,133,1,1,
24,134,1,1,
24,135,1,1,
24,136,1,1,
24,137,1,1,
24,138,1,1,
24,139,1,1,
24,140,1,1,
24,141,1,1,
24,142,1,1,
24,143,1,1,
24,144,1,1,
24,145,1,1,
24,146,1,1,
24,147,1,1,
24,148,1,1,
24,149,1,1,
24,150,1,1,
24,151,1,1,
24,152,1,1,
24,153,1,1,
24,154,1,1,
24,155,1,1,
24,156,1,1,
24,157,1,1,
24,158,1,1,
24,159,1,1,
24,160,1,1,
24,161,1,1,
24,162,1,1,
24,163,1,1,
24,164,1,1,
24,165,1,1,
24,166,1,1,
24,167,1,1,
24,168,1,1,
24,169,1,1,
24,170,1,1,
24,171,1,1,
24,172,1,1,
24,173,1,1,
24,174,1,1,
24,175,1,1,
24,176,1,1,
24,177,1,1,
24,178,1,1,
24,179,1,1,
24,180,1,1,
24,181,1,1,
24,182,1,1,
24,183,1,1,
24,184,1,1,
24,185,1,1,
24,186,1,1,
24,187,1,1,
24,188,1,1,
24,189,1,1,
24,190,1,1,
24,191,1,1,
24,192,1,1,
24,193,1,1,
24,194,1,1,
24,195,1,1,
24,196,1,1,
24,197,1,1,
24,198,1,1,
24,199,1,1,
24,200,1,1,
24,201,1,1,
24,202,1,1,
24,203,1,1,
24,204,1,1,
24,205,1,1,
24,206,1,1,
24,207,1,1,
24,208,1,1,
24,209,1,1,
24,210,1,1,
24,211,1,1,
24,212,1,1,
24,213,1,1,
24,214,1,1,
24,215,1,1,
24,216,1,1,
24,217,1,1,
24,218,1,1,
24,219,1,1,
24,220,1,1,
24,221,1,1,
24,222,1,1,
24,223,1,1,
24,224,1,1,
24,225,1,1,
24,226,1,1,
24,227,1,1,
24,228,1,1,
24,229,1,1,
24,230,1,1,
24,231,1,1,
24,232,1,1,
24,233,1,1,
24,234,1,1,
24,235,1,1,
24,236,1,1,
24,237,1,1,
24,238,1,1,
24,239,1,1,
24,240,1,1,
24,241,1,1,
24,242,1,1,
24,243,1,1,
24,244,1,1,
24,245,1,1,
24,246,1,1,
24,247,1,1,
24,248,1,1,
24,249,1,1,
24,250,1,1,
24,251,1,1,
24,252,1,1,
24,253,1,1,
24,254,1,1,
24,255,1,1,
68,1,1,1,
68,2,1,1,
68,3,1,1,
68,4,1,1,
68,5,1,1,
68,6,1,1,
68,7,1,1,
68,8,1,1,
68,9,1,1,
68,10,1,1,
68,11,1,1,
68,12,1,1,
68,13,1,1,
68,14,1,1,
68,15,1,1,
68,16,1,1,
68,17,1,1,
68,18,1,1,
68,19,1,1,
68,20,1,1,
68,21,1,1,
68,22,1,1,
68,23,1,1,
68,24,1,1,
68,25,1,1,
68,26,1,1,
68,27,1,1,
68,28,1,1,
68,29,1,1,
68,30,1,1,
68,31,1,1,
68,32,1,1,
68,33,1,1,
68,34,1,1,
68,35,1,1,
68,36,1,1,
68,37,1,1,
110,1,1,1,
110,2,1,1,
110,3,1,1,
110,4,1,1,
110,5,1,1,
110,6,1,1,
110,7,1,1,
110,8,1,1,
110,9,1,1,
110,10,1,1,
110,11,1,1,
110,12,1,1,
110,13,1,1,
110,14,1,1,
110,15,1,1,
110,16,1,1,
110,17,1,1,
110,18,1,1,
110,19,1,1,
110,20,1,1,
110,21,1,1,
110,22,1,1,
110,23,1,1,
110,24,1,1,
110,25,1,1,
110,26,1,1,
110,27,1,1,
110,28,1,1,
110,29,1,1,
110,30,1,1,
110,31,1,1,
110,32,1,1,
110,33,1,1,
110,34,1,1,
110,35,1,1,
110,36,1,1,
110,37,1,1,
110,38,1,1,
110,39,1,1,
110,40,1,1,
110,41,1,1,
110,42,1,1,
110,43,1,1,
110,44,1,1,
110,45,1,1,
110,46,1,1,
110,47,1,1,
110,48,1,1,
110,49,1,1,
110,50,1,1,
110,51,1,1,
110,52,1,1,
110,53,1,1,
110,54,1,1,
110,55,1,1,
110,56,1,1,
110,57,1,1,
110,58,1,1,
110,59,1,1,
110,60,1,1,
110,61,1,1,
110,62,1,1,
110,63,1,1,
110,64,1,1,
110,65,1,1,
110,66,1,1,
110,67,1,1,
110,68,1,1,
110,69,1,1,
110,70,1,1,
110,71,1,1,
110,72,1,1,
110,73,1,1,
110,74,1,1,
110,75,1,1,
110,76,1,1,
110,77,1,1,
110,78,1,1,
110,79,1,1,
110,80,1,1,
25,1,1,1,
25,2,1,1,
25,3,1,1,
25,4,1,1,
25,5,1,1,
25,6,1,1,
25,7,1,1,
25,8,1,1,
25,9,1,1,
25,10,1,1,
25,11,1,1,
25,12,1,1,
25,13,1,1,
25,14,1,1,
25,15,1,1,
25,16,1,1,
25,17,1,1,
25,18,1,1,
25,19,1,1,
25,20,1,1,
25,21,1,1,
25,22,1,1,
25,23,1,1,
25,24,1,1,
25,25,1,1,
25,26,1,1,
25,27,1,1,
25,28,1,1,
25,29,1,1,
25,30,1,1,
25,31,1,1,
25,32,1,1,
25,33,1,1,
25,34,1,1,
25,35,1,1,
25,36,1,1,
25,37,1,1,
25,38,1,1,
25,39,1,1,
25,40,1,1,
25,41,1,1,
25,42,1,1,
25,43,1,1,
25,44,1,1,
25,45,1,1,
25,46,1,1,
25,47,1,1,
25,48,1,1,
25,49,1,1,
25,50,1,1,
25,51,1,1,
25,52,1,1,
25,53,1,1,
25,54,1,1,
25,55,1,1,
25,56,1,1,
25,57,1,1,
25,58,1,1,
25,59,1,1,
25,60,1,1,
25,61,1,1,
25,62,1,1,
25,63,1,1,
25,64,1,1,
25,65,1,1,
25,66,1,1,
25,67,1,1,
25,68,1,1,
25,69,1,1,
25,70,1,1,
25,71,1,1,
25,72,1,1,
25,73,1,1,
25,74,1,1,
25,75,1,1,
25,76,1,1,
25,77,1,1,
25,78,1,1,
25,79,1,1,
25,80,1,1,
25,81,1,1,
25,82,1,1,
25,83,1,1,
25,84,1,1,
25,85,1,1,
25,86,1,1,
25,87,1,1,
25,88,1,1,
25,89,1,1,
25,90,1,1,
25,91,1,1,
25,92,1,1,
25,93,1,1,
25,94,1,1,
25,95,1,1,
25,96,1,1,
25,97,1,1,
25,98,1,1,
25,99,1,1,
25,100,1,1,
25,101,1,1,
25,102,1,1,
25,103,1,1,
25,104,1,1,
25,105,1,1,
25,106,1,1,
25,107,1,1,
25,108,1,1,
25,109,1,1,
25,110,1,1,
25,111,1,1,
25,112,1,1,
25,113,1,1,
25,114,1,1,
25,115,1,1,
25,116,1,1,
25,117,1,1,
25,118,1,1,
25,119,1,1,
25,120,1,1,
25,121,1,1,
25,122,1,1,
25,123,1,1,
25,124,1,1,
25,125,1,1,
25,126,1,1,
25,127,1,1,
25,128,1,1,
25,129,1,1,
25,130,1,1,
25,131,1,1,
25,132,1,1,
25,133,1,1,
25,134,1,1,
25,135,1,1,
25,136,1,1,
25,137,1,1,
25,138,1,1,
25,139,1,1,
69,1,1,1,
69,2,1,1,
69,3,1,1,
69,4,1,1,
69,5,1,1,
69,6,1,1,
69,7,1,1,
69,8,1,1,
69,9,1,1,
69,10,1,1,
69,11,1,1,
69,12,1,1,
69,13,1,1,
69,14,1,1,
69,15,1,1,
69,16,1,1,
69,17,1,1,
69,18,1,1,
69,19,1,1,
69,20,1,1,
69,21,1,1,
69,22,1,1,
69,23,1,1,
69,24,1,1,
69,25,1,1,
69,26,1,1,
69,27,1,1,
69,28,1,1,
69,29,1,1,
69,30,1,1,
69,31,1,1,
69,32,1,1,
69,33,1,1,
69,34,1,1,
69,35,1,1,
69,36,1,1,
69,37,1,1,
69,38,1,1,
69,39,1,1,
69,40,1,1,
69,41,1,1,
69,42,1,1,
69,43,1,1,
69,44,1,1,
69,45,1,1,
69,46,1,1,
69,47,1,1,
69,48,1,1,
69,49,1,1,
69,50,1,1,
69,51,1,1,
69,52,1,1,
69,53,1,1,
69,54,1,1,
69,55,1,1,
69,56,1,1,
69,57,1,1,
69,58,1,1,
69,59,1,1,
69,60,1,1,
69,61,1,1,
69,62,1,1,
69,63,1,1,
69,64,1,1,
69,65,1,1,
69,66,1,1,
69,67,1,1,
69,68,1,1,
111,1,1,1,
111,2,1,1,
111,3,1,1,
111,4,1,1,
111,5,1,1,
111,6,1,1,
111,7,1,1,
111,8,1,1,
111,9,1,1,
111,10,1,1,
111,11,1,1,
111,12,1,1,
111,13,1,1,
111,14,1,1,
111,15,1,1,
111,16,1,1,
111,17,1,1,
111,18,1,1,
111,19,1,1,
111,20,1,1,
111,21,1,1,
111,22,1,1,
111,23,1,1,
111,24,1,1,
111,25,1,1,
111,26,1,1,
111,27,1,1,
111,28,1,1,
111,29,1,1,
111,30,1,1,
111,31,1,1,
111,32,1,1,
111,33,1,1,
111,34,1,1,
111,35,1,1,
111,36,1,1,
111,37,1,1,
111,38,1,1,
111,39,1,1,
111,40,1,1,
111,41,1,1,
111,42,1,1,
111,43,1,1,
111,44,1,1,
111,45,1,1,
111,46,1,1,
26,1,1,1,
26,2,1,1,
26,3,1,1,
26,4,1,1,
26,5,1,1,
26,6,1,1,
26,7,1,1,
26,8,1,1,
26,9,1,1,
26,10,1,1,
26,11,1,1,
26,12,1,1,
26,13,1,1,
26,14,1,1,
26,15,1,1,
26,16,1,1,
26,17,1,1,
26,18,1,1,
26,19,1,1,
26,20,1,1,
26,21,1,1,
26,22,1,1,
26,23,1,1,
26,24,1,1,
26,25,1,1,
26,26,1,1,
26,27,1,1,
26,28,1,1,
26,29,1,1,
26,30,1,1,
26,31,1,1,
26,32,1,1,
26,33,1,1,
26,34,1,1,
26,35,1,1,
26,36,1,1,
26,37,1,1,
26,38,1,1,
26,39,1,1,
26,40,1,1,
26,41,1,1,
26,42,1,1,
26,43,1,1,
26,44,1,1,
26,45,1,1,
26,46,1,1,
26,47,1,1,
26,48,1,1,
26,49,1,1,
26,50,1,1,
26,51,1,1,
26,52,1,1,
26,53,1,1,
26,54,1,1,
26,55,1,1,
26,56,1,1,
26,57,1,1,
26,58,1,1,
26,59,1,1,
26,60,1,1,
26,61,1,1,
26,62,1,1,
26,63,1,1,
26,64,1,1,
26,65,1,1,
26,66,1,1,
26,67,1,1,
26,68,1,1,
26,69,1,1,
26,70,1,1,
26,71,1,1,
26,72,1,1,
26,73,1,1,
26,74,1,1,
26,75,1,1,
26,76,1,1,
26,77,1,1,
26,78,1,1,
26,79,1,1,
26,80,1,1,
26,81,1,1,
26,82,1,1,
26,83,1,1,
26,84,1,1,
26,85,1,1,
26,86,1,1,
26,87,1,1,
26,88,1,1,
26,89,1,1,
26,90,1,1,
26,91,1,1,
26,92,1,1,
26,93,1,1,
26,94,1,1,
26,95,1,1,
26,96,1,1,
26,97,1,1,
26,98,1,1,
26,99,1,1,
26,100,1,1,
26,101,1,1,
26,102,1,1,
26,103,1,1,
26,104,1,1,
26,105,1,1,
26,106,1,1,
26,107,1,1,
26,108,1,1,
26,109,1,1,
26,110,1,1,
26,111,1,1,
26,112,1,1,
26,113,1,1,
26,114,1,1,
26,115,1,1,
26,116,1,1,
26,117,1,1,
26,118,1,1,
26,119,1,1,
26,120,1,1,
26,121,1,1,
26,122,1,1,
26,123,1,1,
26,124,1,1,
26,125,1,1,
26,126,1,1,
26,127,1,1,
26,128,1,1,
26,129,1,1,
26,130,1,1,
26,131,1,1,
26,132,1,1,
26,133,1,1,
26,134,1,1,
26,135,1,1,
26,136,1,1,
26,137,1,1,
26,138,1,1,
26,139,1,1,
26,140,1,1,
26,141,1,1,
26,142,1,1,
26,143,1,1,
26,144,1,1,
26,145,1,1,
26,146,1,1,
26,147,1,1,
26,148,1,1,
26,149,1,1,
26,150,1,1,
26,151,1,1,
26,152,1,1,
26,153,1,1,
26,154,1,1,
26,155,1,1,
70,1,1,1,
70,2,1,1,
70,3,1,1,
70,4,1,1,
70,5,1,1,
70,6,1,1,
70,7,1,1,
70,8,1,1,
70,9,1,1,
70,10,1,1,
70,11,1,1,
70,12,1,1,
70,13,1,1,
70,14,1,1,
70,15,1,1,
70,16,1,1,
70,17,1,1,
70,18,1,1,
70,19,1,1,
70,20,1,1,
70,21,1,1,
70,22,1,1,
70,23,1,1,
70,24,1,1,
70,25,1,1,
70,26,1,1,
70,27,1,1,
70,28,1,1,
70,29,1,1,
70,30,1,1,
70,31,1,1,
70,32,1,1,
70,33,1,1,
70,34,1,1,
70,35,1,1,
70,36,1,1,
70,37,1,1,
70,38,1,1,
70,39,1,1,
70,40,1,1,
70,41,1,1,
70,42,1,1,
70,43,1,1,
70,44,1,1,
70,45,1,1,
70,46,1,1,
70,47,1,1,
70,48,1,1,
70,49,1,1,
70,50,1,1,
70,51,1,1,
70,52,1,1,
70,53,1,1,
70,54,1,1,
70,55,1,1,
70,56,1,1,
70,57,1,1,
70,58,1,1,
70,59,1,1,
70,60,1,1,
70,61,1,1,
70,62,1,1,
70,63,1,1,
70,64,1,1,
70,65,1,1,
70,66,1,1,
70,67,1,1,
70,68,1,1,
70,69,1,1,
70,70,1,1,
70,71,1,1,
112,1,1,1,
112,2,1,1,
112,3,1,1,
112,4,1,1,
112,5,1,1,
112,6,1,1,
112,7,1,1,
112,8,1,1,
112,9,1,1,
112,10,1,1,
112,11,1,1,
112,12,1,1,
112,13,1,1,
112,14,1,1,
112,15,1,1,
112,16,1,1,
112,17,1,1,
112,18,1,1,
112,19,1,1,
112,20,1,1,
112,21,1,1,
112,22,1,1,
112,23,1,1,
27,1,1,1,
27,2,1,1,
27,3,1,1,
27,4,1,1,
27,5,1,1,
27,6,1,1,
27,7,1,1,
27,8,1,1,
27,9,1,1,
27,10,1,1,
27,11,1,1,
27,12,1,1,
27,13,1,1,
27,14,1,1,
27,15,1,1,
27,16,1,1,
27,17,1,1,
27,18,1,1,
27,19,1,1,
27,20,1,1,
27,21,1,1,
27,22,1,1,
27,23,1,1,
27,24,1,1,
27,25,1,1,
27,26,1,1,
27,27,1,1,
27,28,1,1,
27,29,1,1,
27,30,1,1,
27,31,1,1,
27,32,1,1,
27,33,1,1,
27,34,1,1,
27,35,1,1,
27,36,1,1,
27,37,1,1,
27,38,1,1,
27,39,1,1,
27,40,1,1,
27,41,1,1,
27,42,1,1,
27,43,1,1,
27,44,1,1,
27,45,1,1,
27,46,1,1,
27,47,1,1,
27,48,1,1,
27,49,1,1,
27,50,1,1,
27,51,1,1,
27,52,1,1,
27,53,1,1,
27,54,1,1,
27,55,1,1,
27,56,1,1,
27,57,1,1,
27,58,1,1,
27,59,1,1,
27,60,1,1,
27,61,1,1,
27,62,1,1,
27,63,1,1,
27,64,1,1,
27,65,1,1,
27,66,1,1,
27,67,1,1,
27,68,1,1,
27,69,1,1,
27,70,1,1,
27,71,1,1,
27,72,1,1,
27,73,1,1,
27,74,1,1,
27,75,1,1,
27,76,1,1,
27,77,1,1,
27,78,1,1,
27,79,1,1,
27,80,1,1,
27,81,1,1,
27,82,1,1,
27,83,1,1,
27,84,1,1,
27,85,1,1,
27,86,1,1,
27,87,1,1,
27,88,1,1,
27,89,1,1,
27,90,1,1,
27,91,1,1,
27,92,1,1,
27,93,1,1,
27,94,1,1,
27,95,1,1,
27,96,1,1,
27,97,1,1,
27,98,1,1,
27,99,1,1,
27,100,1,1,
27,101,1,1,
27,102,1,1,
27,103,1,1,
27,104,1,1,
27,105,1,1,
27,106,1,1,
27,107,1,1,
27,108,1,1,
27,109,1,1,
27,110,1,1,
71,1,1,1,
71,2,1,1,
71,3,1,1,
71,4,1,1,
71,5,1,1,
71,6,1,1,
71,7,1,1,
71,8,1,1,
71,9,1,1,
71,10,1,1,
71,11,1,1,
71,12,1,1,
71,13,1,1,
71,14,1,1,
71,15,1,1,
71,16,1,1,
71,17,1,1,
71,18,1,1,
113,1,1,1,
113,2,1,1,
113,3,1,1,
113,4,1,1,
113,5,1,1,
113,6,1,1,
113,7,1,1,
113,8,1,1,
113,9,1,1,
113,10,1,1,
113,11,1,1,
113,12,1,1,
113,13,1,1,
113,14,1,1,
113,15,1,1,
113,16,1,1,
113,17,1,1,
113,18,1,1,
113,19,1,1,
113,20,1,1,
113,21,1,1,
28,1,1,1,
28,2,1,1,
28,3,1,1,
28,4,1,1,
28,5,1,1,
28,6,1,1,
28,7,1,1,
28,8,1,1,
28,9,1,1,
28,10,1,1,
28,11,1,1,
28,12,1,1,
28,13,1,1,
28,14,1,1,
28,15,1,1,
28,16,1,1,
28,17,1,1,
28,18,1,1,
28,19,1,1,
28,20,1,1,
28,21,1,1,
28,22,1,1,
28,23,1,1,
28,24,1,1,
28,25,1,1,
28,26,1,1,
28,27,1,1,
28,28,1,1,
28,29,1,1,
28,30,1,1,
28,31,1,1,
28,32,1,1,
28,33,1,1,
28,34,1,1,
28,35,1,1,
28,36,1,1,
28,37,1,1,
28,38,1,1,
28,39,1,1,
28,40,1,1,
28,41,1,1,
28,42,1,1,
28,43,1,1,
28,44,1,1,
28,45,1,1,
28,46,1,1,
28,47,1,1,
28,48,1,1,
28,49,1,1,
28,50,1,1,
28,51,1,1,
28,52,1,1,
28,53,1,1,
28,54,1,1,
28,55,1,1,
28,56,1,1,
28,57,1,1,
28,58,1,1,
28,59,1,1,
28,60,1,1,
28,61,1,1,
28,62,1,1,
28,63,1,1,
28,64,1,1,
28,65,1,1,
28,66,1,1,
28,67,1,1,
28,68,1,1,
28,69,1,1,
28,70,1,1,
28,71,1,1,
28,72,1,1,
28,73,1,1,
28,74,1,1,
28,75,1,1,
28,76,1,1,
28,77,1,1,
28,78,1,1,
28,79,1,1,
28,80,1,1,
28,81,1,1,
28,82,1,1,
28,83,1,1,
28,84,1,1,
28,85,1,1,
28,86,1,1,
28,87,1,1,
28,88,1,1,
28,89,1,1,
28,90,1,1,
28,91,1,1,
28,92,1,1,
28,93,1,1,
28,94,1,1,
28,95,1,1,
28,96,1,1,
28,97,1,1,
28,98,1,1,
28,99,1,1,
28,100,1,1,
28,101,1,1,
28,102,1,1,
28,103,1,1,
28,104,1,1,
28,105,1,1,
28,106,1,1,
28,107,1,1,
28,108,1,1,
28,109,1,1,
28,110,1,1,
28,111,1,1,
28,112,1,1,
28,113,1,1,
28,114,1,1,
28,115,1,1,
28,116,1,1,
28,117,1,1,
28,118,1,1,
28,119,1,1,
28,120,1,1,
28,121,1,1,
28,122,1,1,
28,123,1,1,
28,124,1,1,
28,125,1,1,
28,126,1,1,
28,127,1,1,
28,128,1,1,
28,129,1,1,
28,130,1,1,
28,131,1,1,
28,132,1,1,
28,133,1,1,
28,134,1,1,
28,135,1,1,
28,136,1,1,
28,137,1,1,
28,138,1,1,
28,139,1,1,
28,140,1,1,
28,141,1,1,
28,142,1,1,
28,143,1,1,
28,144,1,1,
72,1,1,1,
72,2,1,1,
72,3,1,1,
72,4,1,1,
72,5,1,1,
72,6,1,1,
72,7,1,1,
72,8,1,1,
72,9,1,1,
72,10,1,1,
72,11,1,1,
72,12,1,1,
72,13,1,1,
72,14,1,1,
72,15,1,1,
72,16,1,1,
72,17,1,1,
72,18,1,1,
72,19,1,1,
72,20,1,1,
72,21,1,1,
72,22,1,1,
72,23,1,1,
72,24,1,1,
72,25,1,1,
72,26,1,1,
72,27,1,1,
72,28,1,1,
72,29,1,1,
72,30,1,1,
72,31,1,1,
72,32,1,1,
72,33,1,1,
72,34,1,1,
72,35,1,1,
72,36,1,1,
72,37,1,1,
72,38,1,1,
72,39,1,1,
72,40,1,1,
72,41,1,1,
72,42,1,1,
72,43,1,1,
72,44,1,1,
72,45,1,1,
72,46,1,1,
72,47,1,1,
72,48,1,1,
114,1,1,1,
114,2,1,1,
114,3,1,1,
114,4,1,1,
114,5,1,1,
114,6,1,1,
114,7,1,1,
114,8,1,1,
114,9,1,1,
114,10,1,1,
114,11,1,1,
114,12,1,1,
114,13,1,1,
114,14,1,1,
114,15,1,1,
114,16,1,1,
114,17,1,1,
114,18,1,1,
114,19,1,1,
114,20,1,1,
114,21,1,1,
114,22,1,1,
114,23,1,1,
114,24,1,1,
114,25,1,1,
114,26,1,1,
114,27,1,1,
114,28,1,1,
114,29,1,1,
114,30,1,1,
114,31,1,1,
114,32,1,1,
114,33,1,1,
114,34,1,1,
114,35,1,1,
114,36,1,1,
114,37,1,1,
114,38,1,1,
114,39,1,1,
114,40,1,1,
114,41,1,1,
114,42,1,1,
114,43,1,1,
114,44,1,1,
114,45,1,1,
114,46,1,1,
114,47,1,1,
29,1,1,1,
29,2,1,1,
29,3,1,1,
29,4,1,1,
29,5,1,1,
29,6,1,1,
29,7,1,1,
29,8,1,1,
29,9,1,1,
29,10,1,1,
29,11,1,1,
29,12,1,1,
29,13,1,1,
29,14,1,1,
29,15,1,1,
29,16,1,1,
29,17,1,1,
29,18,1,1,
29,19,1,1,
29,20,1,1,
29,21,1,1,
29,22,1,1,
29,23,1,1,
29,24,1,1,
29,25,1,1,
29,26,1,1,
29,27,1,1,
29,28,1,1,
29,29,1,1,
29,30,1,1,
29,31,1,1,
29,32,1,1,
29,33,1,1,
29,34,1,1,
29,35,1,1,
29,36,1,1,
29,37,1,1,
29,38,1,1,
29,39,1,1,
29,40,1,1,
29,41,1,1,
29,42,1,1,
29,43,1,1,
29,44,1,1,
29,45,1,1,
29,46,1,1,
29,47,1,1,
29,48,1,1,
29,49,1,1,
29,50,1,1,
29,51,1,1,
29,52,1,1,
29,53,1,1,
29,54,1,1,
29,55,1,1,
29,56,1,1,
29,57,1,1,
29,58,1,1,
29,59,1,1,
29,60,1,1,
29,61,1,1,
29,62,1,1,
29,63,1,1,
29,64,1,1,
29,65,1,1,
29,66,1,1,
29,67,1,1,
29,68,1,1,
29,69,1,1,
29,70,1,1,
29,71,1,1,
29,72,1,1,
29,73,1,1,
29,74,1,1,
29,75,1,1,
29,76,1,1,
29,77,1,1,
29,78,1,1,
29,79,1,1,
29,80,1,1,
29,81,1,1,
29,82,1,1,
29,83,1,1,
29,84,1,1,
29,85,1,1,
29,86,1,1,
29,87,1,1,
29,88,1,1,
29,89,1,1,
29,90,1,1,
29,91,1,1,
29,92,1,1,
29,93,1,1,
29,94,1,1,
29,95,1,1,
29,96,1,1,
29,97,1,1,
29,98,1,1,
29,99,1,1,
29,100,1,1,
29,101,1,1,
29,102,1,1,
29,103,1,1,
29,104,1,1,
29,105,1,1,
29,106,1,1,
29,107,1,1,
29,108,1,1,
29,109,1,1,
29,110,1,1,
29,111,1,1,
29,112,1,1,
29,113,1,1,
29,114,1,1,
29,115,1,1,
29,116,1,1,
29,117,1,1,
29,118,1,1,
29,119,1,1,
29,120,1,1,
29,121,1,1,
29,122,1,1,
29,123,1,1,
29,124,1,1,
29,125,1,1,
29,126,1,1,
29,127,1,1,
29,128,1,1,
29,129,1,1,
29,130,1,1,
29,131,1,1,
29,132,1,1,
29,133,1,1,
29,134,1,1,
29,135,1,1,
29,136,1,1,
29,137,1,1,
29,138,1,1,
29,139,1,1,
29,140,1,1,
29,141,1,1,
29,142,1,1,
29,143,1,1,
29,144,1,1,
29,145,1,1,
29,146,1,1,
29,147,1,1,
29,148,1,1,
29,149,1,1,
29,150,1,1,
29,151,1,1,
29,152,1,1,
29,153,1,1,
29,154,1,1,
29,155,1,1,
29,156,1,1,
29,157,1,1,
29,158,1,1,
29,159,1,1,
29,160,1,1,
29,161,1,1,
29,162,1,1,
29,163,1,1,
29,164,1,1,
29,165,1,1,
29,166,1,1,
29,167,1,1,
29,168,1,1,
29,169,1,1,
29,170,1,1,
29,171,1,1,
29,172,1,1,
29,173,1,1,
29,174,1,1,
29,175,1,1,
29,176,1,1,
29,177,1,1,
29,178,1,1,
29,179,1,1,
29,180,1,1,
29,181,1,1,
29,182,1,1,
29,183,1,1,
29,184,1,1,
29,185,1,1,
29,186,1,1,
29,187,1,1,
29,188,1,1,
29,189,1,1,
29,190,1,1,
29,191,1,1,
29,192,1,1,
29,193,1,1,
29,194,1,1,
29,195,1,1,
29,196,1,1,
29,197,1,1,
29,198,1,1,
29,199,1,1,
29,200,1,1,
29,201,1,1,
73,1,1,1,
73,2,1,1,
73,3,1,1,
73,4,1,1,
73,5,1,1,
73,6,1,1,
73,7,1,1,
73,8,1,1,
73,9,1,1,
73,10,1,1,
73,11,1,1,
73,12,1,1,
73,13,1,1,
73,14,1,1,
73,15,1,1,
73,16,1,1,
73,17,1,1,
73,18,1,1,
73,19,1,1,
73,20,1,1,
73,21,1,1,
73,22,1,1,
73,23,1,1,
73,24,1,1,
73,25,1,1,
73,26,1,1,
73,27,1,1,
73,28,1,1,
73,29,1,1,
73,30,1,1,
73,31,1,1,
73,32,1,1,
73,33,1,1,
73,34,1,1,
73,35,1,1,
73,36,1,1,
73,37,1,1,
73,38,1,1,
73,39,1,1,
73,40,1,1,
73,41,1,1,
73,42,1,1,
73,43,1,1,
73,44,1,1,
73,45,1,1,
73,46,1,1,
73,47,1,1,
73,48,1,1,
73,49,1,1,
73,50,1,1,
73,51,1,1,
73,52,1,1,
73,53,1,1,
73,54,1,1,
73,55,1,1,
73,56,1,1,
73,57,1,1,
115,1,1,1,
115,2,1,1,
115,3,1,1,
115,4,1,1,
115,5,1,1,
115,6,1,1,
115,7,1,1,
115,8,1,1,
115,9,1,1,
115,10,1,1,
115,11,1,1,
115,12,1,1,
115,13,1,1,
115,14,1,1,
115,15,1,1,
115,16,1,1,
115,17,1,1,
115,18,1,1,
115,19,1,1,
115,20,1,1,
115,21,1,1,
115,22,1,1,
115,23,1,1,
115,24,1,1,
115,25,1,1,
115,26,1,1,
115,27,1,1,
115,28,1,1,
115,29,1,1,
115,30,1,1,
115,31,1,1,
115,32,1,1,
115,33,1,1,
115,34,1,1,
115,35,1,1,
30,1,1,1,
30,2,1,1,
30,3,1,1,
30,4,1,1,
30,5,1,1,
30,6,1,1,
30,7,1,1,
30,8,1,1,
30,9,1,1,
30,10,1,1,
30,11,1,1,
30,12,1,1,
30,13,1,1,
30,14,1,1,
30,15,1,1,
30,16,1,1,
30,17,1,1,
30,18,1,1,
30,19,1,1,
30,20,1,1,
30,21,1,1,
30,22,1,1,
30,23,1,1,
30,24,1,1,
30,25,1,1,
30,26,1,1,
30,27,1,1,
30,28,1,1,
30,29,1,1,
30,30,1,1,
30,31,1,1,
30,32,1,1,
30,33,1,1,
30,34,1,1,
30,35,1,1,
30,36,1,1,
30,37,1,1,
30,38,1,1,
30,39,1,1,
30,40,1,1,
30,41,1,1,
30,42,1,1,
30,43,1,1,
30,44,1,1,
30,45,1,1,
30,46,1,1,
30,47,1,1,
30,48,1,1,
30,49,1,1,
30,50,1,1,
30,51,1,1,
30,52,1,1,
30,53,1,1,
30,54,1,1,
30,55,1,1,
30,56,1,1,
30,57,1,1,
30,58,1,1,
30,59,1,1,
30,60,1,1,
30,61,1,1,
30,62,1,1,
30,63,1,1,
30,64,1,1,
30,65,1,1,
30,66,1,1,
30,67,1,1,
30,68,1,1,
30,69,1,1,
30,70,1,1,
30,71,1,1,
30,72,1,1,
30,73,1,1,
30,74,1,1,
30,75,1,1,
30,76,1,1,
30,77,1,1,
30,78,1,1,
30,79,1,1,
30,80,1,1,
30,81,1,1,
30,82,1,1,
30,83,1,1,
30,84,1,1,
30,85,1,1,
30,86,1,1,
30,87,1,1,
30,88,1,1,
30,89,1,1,
30,90,1,1,
30,91,1,1,
30,92,1,1,
30,93,1,1,
30,94,1,1,
30,95,1,1,
30,96,1,1,
30,97,1,1,
30,98,1,1,
30,99,1,1,
30,100,1,1,
30,101,1,1,
30,102,1,1,
30,103,1,1,
30,104,1,1,
30,105,1,1,
74,1,1,1,
74,2,1,1,
74,3,1,1,
74,4,1,1,
74,5,1,1,
74,6,1,1,
74,7,1,1,
74,8,1,1,
74,9,1,1,
74,10,1,1,
74,11,1,1,
74,12,1,1,
74,13,1,1,
74,14,1,1,
74,15,1,1,
74,16,1,1,
74,17,1,1,
74,18,1,1,
74,19,1,1,
74,20,1,1,
74,21,1,1,
74,22,1,1,
74,23,1,1,
74,24,1,1,
74,25,1,1,
74,26,1,1,
74,27,1,1,
74,28,1,1,
74,29,1,1,
74,30,1,1,
74,31,1,1,
74,32,1,1,
74,33,1,1,
74,34,1,1,
74,35,1,1,
74,36,1,1,
74,37,1,1,
74,38,1,1,
74,39,1,1,
74,40,1,1,
74,41,1,1,
74,42,1,1,
74,43,1,1,
74,44,1,1,
74,45,1,1,
74,46,1,1,
74,47,1,1,
74,48,1,1,
74,49,1,1,
74,50,1,1,
74,51,1,1,
74,52,1,1,
74,53,1,1,
74,54,1,1,
74,55,1,1,
74,56,1,1,
74,57,1,1,
74,58,1,1,
74,59,1,1,
116,1,1,1,
116,2,1,1,
116,3,1,1,
116,4,1,1,
116,5,1,1,
116,6,1,1,
116,7,1,1,
116,8,1,1,
116,9,1,1,
116,10,1,1,
116,11,1,1,
116,12,1,1,
116,13,1,1,
116,14,1,1,
116,15,1,1,
116,16,1,1,
116,17,1,1,
116,18,1,1,
116,19,1,1,
116,20,1,1,
116,21,1,1,
116,22,1,1,
116,23,1,1,
116,24,1,1,
116,25,1,1,
116,26,1,1,
116,27,1,1,
116,28,1,1,
116,29,1,1,
116,30,1,1,
116,31,1,1,
116,32,1,1,
116,33,1,1,
116,34,1,1,
116,35,1,1,
116,36,1,1,
116,37,1,1,
116,38,1,1,
116,39,1,1,
116,40,1,1,
116,41,1,1,
116,42,1,1,
116,43,1,1,
116,44,1,1,
116,45,1,1,
116,46,1,1,
116,47,1,1,
116,48,1,1,
116,49,1,1,
116,50,1,1,
116,51,1,1,
116,52,1,1,
116,53,1,1,
116,54,1,1,
31,1,1,1,
31,2,1,1,
31,3,1,1,
31,4,1,1,
31,5,1,1,
31,6,1,1,
31,7,1,1,
31,8,1,1,
31,9,1,1,
31,10,1,1,
31,11,1,1,
31,12,1,1,
31,13,1,1,
31,14,1,1,
31,15,1,1,
31,16,1,1,
31,17,1,1,
31,18,1,1,
31,19,1,1,
31,20,1,1,
31,21,1,1,
31,22,1,1,
31,23,1,1,
31,24,1,1,
31,25,1,1,
31,26,1,1,
31,27,1,1,
31,28,1,1,
31,29,1,1,
31,30,1,1,
31,31,1,1,
31,32,1,1,
31,33,1,1,
31,34,1,1,
31,35,1,1,
31,36,1,1,
31,37,1,1,
31,38,1,1,
31,39,1,1,
31,40,1,1,
31,41,1,1,
31,42,1,1,
31,43,1,1,
31,44,1,1,
31,45,1,1,
31,46,1,1,
31,47,1,1,
31,48,1,1,
31,49,1,1,
31,50,1,1,
31,51,1,1,
31,52,1,1,
31,53,1,1,
31,54,1,1,
31,55,1,1,
31,56,1,1,
31,57,1,1,
31,58,1,1,
31,59,1,1,
31,60,1,1,
31,61,1,1,
31,62,1,1,
31,63,1,1,
31,64,1,1,
31,65,1,1,
31,66,1,1,
31,67,1,1,
31,68,1,1,
31,69,1,1,
31,70,1,1,
31,71,1,1,
31,72,1,1,
31,73,1,1,
31,74,1,1,
31,75,1,1,
31,76,1,1,
31,77,1,1,
31,78,1,1,
31,79,1,1,
31,80,1,1,
31,81,1,1,
31,82,1,1,
31,83,1,1,
31,84,1,1,
31,85,1,1,
31,86,1,1,
31,87,1,1,
31,88,1,1,
31,89,1,1,
31,90,1,1,
31,91,1,1,
31,92,1,1,
31,93,1,1,
31,94,1,1,
31,95,1,1,
31,96,1,1,
31,97,1,1,
31,98,1,1,
31,99,1,1,
31,100,1,1,
31,101,1,1,
31,102,1,1,
31,103,1,1,
31,104,1,1,
31,105,1,1,
31,106,1,1,
31,107,1,1,
31,108,1,1,
31,109,1,1,
31,110,1,1,
31,111,1,1,
31,112,1,1,
31,113,1,1,
31,114,1,1,
31,115,1,1,
31,116,1,1,
31,117,1,1,
31,118,1,1,
31,119,1,1,
31,120,1,1,
31,121,1,1,
31,122,1,1,
31,123,1,1,
31,124,1,1,
31,125,1,1,
31,126,1,1,
31,127,1,1,
31,128,1,1,
31,129,1,1,
31,130,1,1,
31,131,1,1,
31,132,1,1,
31,133,1,1,
31,134,1,1,
31,135,1,1,
31,136,1,1,
75,1,1,1,
75,2,1,1,
75,3,1,1,
75,4,1,1,
75,5,1,1,
75,6,1,1,
75,7,1,1,
75,8,1,1,
75,9,1,1,
75,10,1,1,
75,11,1,1,
75,12,1,1,
75,13,1,1,
75,14,1,1,
75,15,1,1,
75,16,1,1,
75,17,1,1,
75,18,1,1,
75,19,1,1,
75,20,1,1,
75,21,1,1,
75,22,1,1,
75,23,1,1,
75,24,1,1,
75,25,1,1,
75,26,1,1,
75,27,1,1,
75,28,1,1,
75,29,1,1,
75,30,1,1,
75,31,1,1,
75,32,1,1,
75,33,1,1,
75,34,1,1,
75,35,1,1,
75,36,1,1,
75,37,1,1,
75,38,1,1,
75,39,1,1,
75,40,1,1,
75,41,1,1,
75,42,1,1,
75,43,1,1,
75,44,1,1,
75,45,1,1,
75,46,1,1,
75,47,1,1,
75,48,1,1,
75,49,1,1,
75,50,1,1,
75,51,1,1,
75,52,1,1,
75,53,1,1,
75,54,1,1,
75,55,1,1,
75,56,1,1,
75,57,1,1,
75,58,1,1,
75,59,1,1,
75,60,1,1,
75,61,1,1,
75,62,1,1,
117,1,1,1,
117,2,1,1,
117,3,1,1,
117,4,1,1,
117,5,1,1,
117,6,1,1,
117,7,1,1,
117,8,1,1,
117,9,1,1,
117,10,1,1,
117,11,1,1,
117,12,1,1,
117,13,1,1,
117,14,1,1,
117,15,1,1,
117,16,1,1,
117,17,1,1,
117,18,1,1,
117,19,1,1,
117,20,1,1,
117,21,1,1,
117,22,1,1,
117,23,1,1,
117,24,1,1,
32,1,1,1,
32,2,1,1,
32,3,1,1,
32,4,1,1,
32,5,1,1,
32,6,1,1,
32,7,1,1,
32,8,1,1,
32,9,1,1,
32,10,1,1,
32,11,1,1,
32,12,1,1,
32,13,1,1,
32,14,1,1,
32,15,1,1,
32,16,1,1,
32,17,1,1,
32,18,1,1,
32,19,1,1,
32,20,1,1,
32,21,1,1,
32,22,1,1,
32,23,1,1,
32,24,1,1,
32,25,1,1,
32,26,1,1,
32,27,1,1,
32,28,1,1,
32,29,1,1,
32,30,1,1,
32,31,1,1,
32,32,1,1,
32,33,1,1,
32,34,1,1,
32,35,1,1,
32,36,1,1,
32,37,1,1,
32,38,1,1,
32,39,1,1,
32,40,1,1,
32,41,1,1,
32,42,1,1,
32,43,1,1,
32,44,1,1,
32,45,1,1,
32,46,1,1,
32,47,1,1,
32,48,1,1,
32,49,1,1,
32,50,1,1,
32,51,1,1,
32,52,1,1,
32,53,1,1,
32,54,1,1,
32,55,1,1,
32,56,1,1,
32,57,1,1,
32,58,1,1,
32,59,1,1,
32,60,1,1,
32,61,1,1,
32,62,1,1,
32,63,1,1,
32,64,1,1,
32,65,1,1,
32,66,1,1,
32,67,1,1,
32,68,1,1,
32,69,1,1,
32,70,1,1,
32,71,1,1,
32,72,1,1,
32,73,1,1,
32,74,1,1,
32,75,1,1,
32,76,1,1,
32,77,1,1,
32,78,1,1,
32,79,1,1,
32,80,1,1,
32,81,1,1,
32,82,1,1,
32,83,1,1,
32,84,1,1,
32,85,1,1,
32,86,1,1,
32,87,1,1,
32,88,1,1,
32,89,1,1,
32,90,1,1,
32,91,1,1,
32,92,1,1,
32,93,1,1,
32,94,1,1,
32,95,1,1,
32,96,1,1,
32,97,1,1,
32,98,1,1,
32,99,1,1,
32,100,1,1,
32,101,1,1,
32,102,1,1,
32,103,1,1,
32,104,1,1,
32,105,1,1,
32,106,1,1,
32,107,1,1,
32,108,1,1,
32,109,1,1,
32,110,1,1,
32,111,1,1,
32,112,1,1,
76,1,1,1,
76,2,1,1,
76,3,1,1,
76,4,1,1,
76,5,1,1,
76,6,1,1,
76,7,1,1,
76,8,1,1,
76,9,1,1,
76,10,1,1,
76,11,1,1,
76,12,1,1,
76,13,1,1,
76,14,1,1,
76,15,1,1,
76,16,1,1,
76,17,1,1,
76,18,1,1,
76,19,1,1,
76,20,1,1,
76,21,1,1,
76,22,1,1,
76,23,1,1,
76,24,1,1,
118,1,1,1,
118,2,1,1,
118,3,1,1,
118,4,1,1,
118,5,1,1,
118,6,1,1,
118,7,1,1,
118,8,1,1,
118,9,1,1,
118,10,1,1,
118,11,1,1,
118,12,1,1,
118,13,1,1,
118,14,1,1,
118,15,1,1,
118,16,1,1,
118,17,1,1,
118,18,1,1,
118,19,1,1,
118,20,1,1,
118,21,1,1,
118,22,1,1,
118,23,1,1,
118,24,1,1,
118,25,1,1,
118,26,1,1,
118,27,1,1,
118,28,1,1,
118,29,1,1,
118,30,1,1,
118,31,1,1,
118,32,1,1,
118,33,1,1,
118,34,1,1,
118,35,1,1,
118,36,1,1,
118,37,1,1,
118,38,1,1,
118,39,1,1,
118,40,1,1,
118,41,1,1,
118,42,1,1,
118,43,1,1,
118,44,1,1,
118,45,1,1,
118,46,1,1,
118,47,1,1,
118,48,1,1,
118,49,1,1,
118,50,1,1,
118,51,1,1,
118,52,1,1,
118,53,1,1,
118,54,1,1,
118,55,1,1,
118,56,1,1,
118,57,1,1,
118,58,1,1,
118,59,1,1,
118,60,1,1,
118,61,1,1,
118,62,1,1,
118,63,1,1,
118,64,1,1,
118,65,1,1,
118,66,1,1,
118,67,1,1,
118,68,1,1,
118,69,1,1,
118,70,1,1,
118,71,1,1,
118,72,1,1,
118,73,1,1,
118,74,1,1,
118,75,1,1,
118,76,1,1,
118,77,1,1,
118,78,1,1,
118,79,1,1,
118,80,1,1,
118,81,1,1,
118,82,1,1,
118,83,1,1,
118,84,1,1,
118,85,1,1,
118,86,1,1,
118,87,1,1,
118,88,1,1,
118,89,1,1,
118,90,1,1,
118,91,1,1,
118,92,1,1,
118,93,1,1,
118,94,1,1,
118,95,1,1,
118,96,1,1,
118,97,1,1,
118,98,1,1,
118,99,1,1,
118,100,1,1,
118,101,1,1,
118,102,1,1,
118,103,1,1,
118,104,1,1,
33,1,1,1,
33,2,1,1,
33,3,1,1,
33,4,1,1,
33,5,1,1,
33,6,1,1,
33,7,1,1,
33,8,1,1,
33,9,1,1,
33,10,1,1,
33,11,1,1,
33,12,1,1,
33,13,1,1,
33,14,1,1,
33,15,1,1,
33,16,1,1,
33,17,1,1,
33,18,1,1,
33,19,1,1,
33,20,1,1,
33,21,1,1,
33,22,1,1,
33,23,1,1,
33,24,1,1,
33,25,1,1,
33,26,1,1,
33,27,1,1,
33,28,1,1,
33,29,1,1,
33,30,1,1,
33,31,1,1,
33,32,1,1,
33,33,1,1,
33,34,1,1,
33,35,1,1,
33,36,1,1,
33,37,1,1,
33,38,1,1,
33,39,1,1,
33,40,1,1,
33,41,1,1,
33,42,1,1,
33,43,1,1,
33,44,1,1,
33,45,1,1,
33,46,1,1,
33,47,1,1,
33,48,1,1,
33,49,1,1,
33,50,1,1,
33,51,1,1,
33,52,1,1,
33,53,1,1,
33,54,1,1,
33,55,1,1,
33,56,1,1,
33,57,1,1,
33,58,1,1,
33,59,1,1,
33,60,1,1,
33,61,1,1,
33,62,1,1,
33,63,1,1,
33,64,1,1,
33,65,1,1,
33,66,1,1,
33,67,1,1,
33,68,1,1,
33,69,1,1,
33,70,1,1,
33,71,1,1,
33,72,1,1,
33,73,1,1,
33,74,1,1,
33,75,1,1,
33,76,1,1,
33,77,1,1,
33,78,1,1,
33,79,1,1,
33,80,1,1,
33,81,1,1,
33,82,1,1,
33,83,1,1,
33,84,1,1,
33,85,1,1,
33,86,1,1,
33,87,1,1,
33,88,1,1,
33,89,1,1,
33,90,1,1,
33,91,1,1,
33,92,1,1,
33,93,1,1,
33,94,1,1,
33,95,1,1,
33,96,1,1,
33,97,1,1,
33,98,1,1,
33,99,1,1,
33,100,1,1,
33,101,1,1,
33,102,1,1,
33,103,1,1,
33,104,1,1,
33,105,1,1,
33,106,1,1,
33,107,1,1,
33,108,1,1,
33,109,1,1,
33,110,1,1,
33,111,1,1,
33,112,1,1,
33,113,1,1,
33,114,1,1,
33,115,1,1,
33,116,1,1,
33,117,1,1,
33,118,1,1,
33,119,1,1,
33,120,1,1,
33,121,1,1,
33,122,1,1,
33,123,1,1,
33,124,1,1,
33,125,1,1,
33,126,1,1,
33,127,1,1,
33,128,1,1,
33,129,1,1,
33,130,1,1,
33,131,1,1,
33,132,1,1,
33,133,1,1,
33,134,1,1,
33,135,1,1,
33,136,1,1,
33,137,1,1,
33,138,1,1,
33,139,1,1,
33,140,1,1,
77,1,1,1,
77,2,1,1,
77,3,1,1,
77,4,1,1,
77,5,1,1,
77,6,1,1,
77,7,1,1,
77,8,1,1,
77,9,1,1,
77,10,1,1,
77,11,1,1,
77,12,1,1,
77,13,1,1,
77,14,1,1,
77,15,1,1,
77,16,1,1,
77,17,1,1,
77,18,1,1,
77,19,1,1,
77,20,1,1,
77,21,1,1,
77,22,1,1,
77,23,1,1,
77,24,1,1,
77,25,1,1,
77,26,1,1,
77,27,1,1,
77,28,1,1,
77,29,1,1,
77,30,1,1,
77,31,1,1,
77,32,1,1,
77,33,1,1,
77,34,1,1,
119,1,1,1,
119,2,1,1,
119,3,1,1,
119,4,1,1,
119,5,1,1,
119,6,1,1,
119,7,1,1,
119,8,1,1,
119,9,1,1,
119,10,1,1,
119,11,1,1,
119,12,1,1,
119,13,1,1,
119,14,1,1,
119,15,1,1,
119,16,1,1,
119,17,1,1,
119,18,1,1,
119,19,1,1,
119,20,1,1,
119,21,1,1,
119,22,1,1,
119,23,1,1,
119,24,1,1,
119,25,1,1,
119,26,1,1,
119,27,1,1,
119,28,1,1,
119,29,1,1,
119,30,1,1,
119,31,1,1,
119,32,1,1,
119,33,1,1,
119,34,1,1,
119,35,1,1,
119,36,1,1,
119,37,1,1,
119,38,1,1,
119,39,1,1,
119,40,1,1,
119,41,1,1,
119,42,1,1,
119,43,1,1,
119,44,1,1,
119,45,1,1,
119,46,1,1,
119,47,1,1,
119,48,1,1,
119,49,1,1,
34,1,1,1,
34,2,1,1,
34,3,1,1,
34,4,1,1,
34,5,1,1,
34,6,1,1,
34,7,1,1,
34,8,1,1,
34,9,1,1,
34,10,1,1,
34,11,1,1,
34,12,1,1,
34,13,1,1,
34,14,1,1,
34,15,1,1,
34,16,1,1,
34,17,1,1,
34,18,1,1,
34,19,1,1,
34,20,1,1,
34,21,1,1,
34,22,1,1,
34,23,1,1,
34,24,1,1,
34,25,1,1,
34,26,1,1,
34,27,1,1,
34,28,1,1,
34,29,1,1,
34,30,1,1,
34,31,1,1,
34,32,1,1,
34,33,1,1,
34,34,1,1,
34,35,1,1,
34,36,1,1,
34,37,1,1,
34,38,1,1,
34,39,1,1,
34,40,1,1,
34,41,1,1,
34,42,1,1,
34,43,1,1,
34,44,1,1,
34,45,1,1,
34,46,1,1,
34,47,1,1,
34,48,1,1,
34,49,1,1,
34,50,1,1,
34,51,1,1,
34,52,1,1,
34,53,1,1,
34,54,1,1,
34,55,1,1,
34,56,1,1,
34,57,1,1,
34,58,1,1,
34,59,1,1,
34,60,1,1,
34,61,1,1,
34,62,1,1,
34,63,1,1,
34,64,1,1,
34,65,1,1,
34,66,1,1,
34,67,1,1,
34,68,1,1,
34,69,1,1,
34,70,1,1,
34,71,1,1,
34,72,1,1,
34,73,1,1,
34,74,1,1,
34,75,1,1,
34,76,1,1,
34,77,1,1,
34,78,1,1,
34,79,1,1,
34,80,1,1,
34,81,1,1,
34,82,1,1,
34,83,1,1,
34,84,1,1,
34,85,1,1,
34,86,1,1,
34,87,1,1,
34,88,1,1,
34,89,1,1,
34,90,1,1,
34,91,1,1,
34,92,1,1,
34,93,1,1,
34,94,1,1,
34,95,1,1,
34,96,1,1,
34,97,1,1,
34,98,1,1,
34,99,1,1,
34,100,1,1,
78,1,1,1,
78,2,1,1,
78,3,1,1,
78,4,1,1,
78,5,1,1,
78,6,1,1,
78,7,1,1,
78,8,1,1,
78,9,1,1,
78,10,1,1,
78,11,1,1,
78,12,1,1,
120,1,1,1,
120,2,1,1,
120,3,1,1,
120,4,1,1,
120,5,1,1,
120,6,1,1,
120,7,1,1,
120,8,1,1,
120,9,1,1,
120,10,1,1,
120,11,1,1,
120,12,1,1,
120,13,1,1,
120,14,1,1,
35,1,1,1,
35,2,1,1,
35,3,1,1,
35,4,1,1,
35,5,1,1,
35,6,1,1,
35,7,1,1,
35,8,1,1,
35,9,1,1,
35,10,1,1,
35,11,1,1,
35,12,1,1,
35,13,1,1,
35,14,1,1,
35,15,1,1,
35,16,1,1,
35,17,1,1,
35,18,1,1,
35,19,1,1,
35,20,1,1,
35,21,1,1,
35,22,1,1,
35,23,1,1,
35,24,1,1,
35,25,1,1,
35,26,1,1,
35,27,1,1,
35,28,1,1,
35,29,1,1,
35,30,1,1,
35,31,1,1,
35,32,1,1,
35,33,1,1,
35,34,1,1,
35,35,1,1,
35,36,1,1,
35,37,1,1,
35,38,1,1,
35,39,1,1,
35,40,1,1,
35,41,1,1,
35,42,1,1,
35,43,1,1,
35,44,1,1,
35,45,1,1,
35,46,1,1,
35,47,1,1,
35,48,1,1,
35,49,1,1,
35,50,1,1,
35,51,1,1,
35,52,1,1,
35,53,1,1,
35,54,1,1,
35,55,1,1,
35,56,1,1,
35,57,1,1,
35,58,1,1,
35,59,1,1,
35,60,1,1,
35,61,1,1,
35,62,1,1,
35,63,1,1,
35,64,1,1,
35,65,1,1,
35,66,1,1,
35,67,1,1,
35,68,1,1,
35,69,1,1,
35,70,1,1,
35,71,1,1,
35,72,1,1,
35,73,1,1,
35,74,1,1,
35,75,1,1,
35,76,1,1,
35,77,1,1,
35,78,1,1,
35,79,1,1,
35,80,1,1,
35,81,1,1,
35,82,1,1,
35,83,1,1,
35,84,1,1,
35,85,1,1,
35,86,1,1,
79,1,1,1,
79,2,1,1,
79,3,1,1,
79,4,1,1,
79,5,1,1,
79,6,1,1,
79,7,1,1,
79,8,1,1,
79,9,1,1,
79,10,1,1,
79,11,1,1,
79,12,1,1,
79,13,1,1,
79,14,1,1,
79,15,1,1,
79,16,1,1,
79,17,1,1,
79,18,1,1,
79,19,1,1,
79,20,1,1,
79,21,1,1,
79,22,1,1,
79,23,1,1,
79,24,1,1,
79,25,1,1,
79,26,1,1,
121,1,1,1,
121,2,1,1,
121,3,1,1,
121,4,1,1,
121,5,1,1,
121,6,1,1,
121,7,1,1,
121,8,1,1,
121,9,1,1,
121,10,1,1,
121,11,1,1,
121,12,1,1,
121,13,1,1,
121,14,1,1,
121,15,1,1,
121,16,1,1,
121,17,1,1,
121,18,1,1,
121,19,1,1,
121,20,1,1,
121,21,1,1,
121,22,1,1,
121,23,1,1,
121,24,1,1,
121,25,1,1,
121,26,1,1,
121,27,1,1,
121,28,1,1,
121,29,1,1,
121,30,1,1,
121,31,1,1,
121,32,1,1,
121,33,1,1,
121,34,1,1,
121,35,1,1,
121,36,1,1,
121,37,1,1,
121,38,1,1,
121,39,1,1,
121,40,1,1,
121,41,1,1,
121,42,1,1,
121,43,1,1,
36,1,1,1,
36,2,1,1,
36,3,1,1,
36,4,1,1,
36,5,1,1,
36,6,1,1,
36,7,1,1,
36,8,1,1,
36,9,1,1,
36,10,1,1,
36,11,1,1,
36,12,1,1,
36,13,1,1,
36,14,1,1,
36,15,1,1,
36,16,1,1,
36,17,1,1,
36,18,1,1,
36,19,1,1,
36,20,1,1,
36,21,1,1,
36,22,1,1,
36,23,1,1,
36,24,1,1,
36,25,1,1,
36,26,1,1,
36,27,1,1,
36,28,1,1,
36,29,1,1,
36,30,1,1,
36,31,1,1,
36,32,1,1,
36,33,1,1,
36,34,1,1,
36,35,1,1,
36,36,1,1,
36,37,1,1,
36,38,1,1,
36,39,1,1,
36,40,1,1,
36,41,1,1,
36,42,1,1,
36,43,1,1,
36,44,1,1,
36,45,1,1,
36,46,1,1,
36,47,1,1,
36,48,1,1,
36,49,1,1,
36,50,1,1,
36,51,1,1,
36,52,1,1,
36,53,1,1,
36,54,1,1,
36,55,1,1,
36,56,1,1,
36,57,1,1,
36,58,1,1,
36,59,1,1,
36,60,1,1,
36,61,1,1,
36,62,1,1,
36,63,1,1,
36,64,1,1,
36,65,1,1,
36,66,1,1,
36,67,1,1,
36,68,1,1,
36,69,1,1,
36,70,1,1,
36,71,1,1,
36,72,1,1,
36,73,1,1,
36,74,1,1,
36,75,1,1,
36,76,1,1,
36,77,1,1,
36,78,1,1,
36,79,1,1,
36,80,1,1,
36,81,1,1,
36,82,1,1,
36,83,1,1,
36,84,1,1,
36,85,1,1,
36,86,1,1,
36,87,1,1,
36,88,1,1,
36,89,1,1,
36,90,1,1,
36,91,1,1,
36,92,1,1,
36,93,1,1,
36,94,1,1,
36,95,1,1,
36,96,1,1,
36,97,1,1,
36,98,1,1,
36,99,1,1,
36,100,1,1,
36,101,1,1,
36,102,1,1,
36,103,1,1,
36,104,1,1,
36,105,1,1,
36,106,1,1,
36,107,1,1,
36,108,1,1,
36,109,1,1,
36,110,1,1,
36,111,1,1,
36,112,1,1,
36,113,1,1,
36,114,1,1,
36,115,1,1,
36,116,1,1,
36,117,1,1,
36,118,1,1,
36,119,1,1,
36,120,1,1,
36,121,1,1,
36,122,1,1,
36,123,1,1,
36,124,1,1,
36,125,1,1,
36,126,1,1,
36,127,1,1,
36,128,1,1,
80,1,1,1,
80,2,1,1,
80,3,1,1,
80,4,1,1,
80,5,1,1,
80,6,1,1,
80,7,1,1,
80,8,1,1,
80,9,1,1,
80,10,1,1,
80,11,1,1,
80,12,1,1,
80,13,1,1,
80,14,1,1,
80,15,1,1,
80,16,1,1,
80,17,1,1,
80,18,1,1,
80,19,1,1,
80,20,1,1,
80,21,1,1,
80,22,1,1,
80,23,1,1,
80,24,1,1,
80,25,1,1,
80,26,1,1,
80,27,1,1,
80,28,1,1,
80,29,1,1,
80,30,1,1,
80,31,1,1,
80,32,1,1,
80,33,1,1,
80,34,1,1,
80,35,1,1,
80,36,1,1,
80,37,1,1,
80,38,1,1,
80,39,1,1,
80,40,1,1,
80,41,1,1,
80,42,1,1,
80,43,1,1,
80,44,1,1,
80,45,1,1,
80,46,1,1,
80,47,1,1,
80,48,1,1,
80,49,1,1,
80,50,1,1,
80,51,1,1,
80,52,1,1,
80,53,1,1,
80,54,1,1,
80,55,1,1,
80,56,1,1,
80,57,1,1,
80,58,1,1,
80,59,1,1,
80,60,1,1,
80,61,1,1,
80,62,1,1,
80,63,1,1,
80,64,1,1,
80,65,1,1,
80,66,1,1,
80,67,1,1,
80,68,1,1,
80,69,1,1,
80,70,1,1,
80,71,1,1,
80,72,1,1,
80,73,1,1,
80,74,1,1,
80,75,1,1,
80,76,1,1,
80,77,1,1,
80,78,1,1,
80,79,1,1,
80,80,1,1,
80,81,1,1,
80,82,1,1,
80,83,1,1,
80,84,1,1,
80,85,1,1,
80,86,1,1,
80,87,1,1,
80,88,1,1,
80,89,1,1,
80,90,1,1,
80,91,1,1,
80,92,1,1,
80,93,1,1,
80,94,1,1,
80,95,1,1,
80,96,1,1,
80,97,1,1,
80,98,1,1,
80,99,1,1,
80,100,1,1,
80,101,1,1,
80,102,1,1,
80,103,1,1,
80,104,1,1,
80,105,1,1,
80,106,1,1,
80,107,1,1,
80,108,1,1,
80,109,1,1,
80,110,1,1,
80,111,1,1,
80,112,1,1,
80,113,1,1,
80,114,1,1,
80,115,1,1,
80,116,1,1,
80,117,1,1,
80,118,1,1,
80,119,1,1,
80,120,1,1,
80,121,1,1,
80,122,1,1,
80,123,1,1,
80,124,1,1,
80,125,1,1,
80,126,1,1,
80,127,1,1,
80,128,1,1,
80,129,1,1,
80,130,1,1,
80,131,1,1,
80,132,1,1,
80,133,1,1,
80,134,1,1,
80,135,1,1,
80,136,1,1,
80,137,1,1,
80,138,1,1,
80,139,1,1,
80,140,1,1,
80,141,1,1,
80,142,1,1,
80,143,1,1,
80,144,1,1,
80,145,1,1,
80,146,1,1,
80,147,1,1,
80,148,1,1,
80,149,1,1,
80,150,1,1,
80,151,1,1,
80,152,1,1,
80,153,1,1,
80,154,1,1,
80,155,1,1,
80,156,1,1,
80,157,1,1,
80,158,1,1,
80,159,1,1,
80,160,1,1,
80,161,1,1,
80,162,1,1,
80,163,1,1,
80,164,1,1,
80,165,1,1,
80,166,1,1,
80,167,1,1,
80,168,1,1,
80,169,1,1,
80,170,1,1,
80,171,1,1,
80,172,1,1,
80,173,1,1,
80,174,1,1,
80,175,1,1,
80,176,1,1,
80,177,1,1,
80,178,1,1,
80,179,1,1,
80,180,1,1,
80,181,1,1,
80,182,1,1,
80,183,1,1,
80,184,1,1,
80,185,1,1,
80,186,1,1,
80,187,1,1,
80,188,1,1,
80,189,1,1,
80,190,1,1,
80,191,1,1,
80,192,1,1,
80,193,1,1,
80,194,1,1,
80,195,1,1,
80,196,1,1,
80,197,1,1,
80,198,1,1,
80,199,1,1,
80,200,1,1,
80,201,1,1,
80,202,1,1,
80,203,1,1,
80,204,1,1,
80,205,1,1,
80,206,1,1,
80,207,1,1,
80,208,1,1,
80,209,1,1,
80,210,1,1,
80,211,1,1,
80,212,1,1,
80,213,1,1,
80,214,1,1,
80,215,1,1,
80,216,1,1,
80,217,1,1,
80,218,1,1,
80,219,1,1,
80,220,1,1,
80,221,1,1,
80,222,1,1,
80,223,1,1,
80,224,1,1,
80,225,1,1,
80,226,1,1,
80,227,1,1,
80,228,1,1,
80,229,1,1,
80,230,1,1,
80,231,1,1,
80,232,1,1,
80,233,1,1,
80,234,1,1,
80,235,1,1,
80,236,1,1,
80,237,1,1,
80,238,1,1,
80,239,1,1,
80,240,1,1,
80,241,1,1,
80,242,1,1,
80,243,1,1,
80,244,1,1,
80,245,1,1,
80,246,1,1,
80,247,1,1,
80,248,1,1,
80,249,1,1,
80,250,1,1,
80,251,1,1,
80,252,1,1,
80,253,1,1,
80,254,1,1,
80,255,1,1,
80,256,1,1,
80,257,1,1,
80,258,1,1,
80,259,1,1,
80,260,1,1,
80,261,1,1,
80,262,1,1,
80,263,1,1,
80,264,1,1,
80,265,1,1,
80,266,1,1,
80,267,1,1,
80,268,1,1,
80,269,1,1,
80,270,1,1,
80,271,1,1,
80,272,1,1,
80,273,1,1,
80,274,1,1,
80,275,1,1,
80,276,1,1,
80,277,1,1,
80,278,1,1,
80,279,1,1,
80,280,1,1,
80,281,1,1,
80,282,1,1,
80,283,1,1,
80,284,1,1,
80,285,1,1,
80,286,1,1,
80,287,1,1,
80,288,1,1,
80,289,1,1,
80,290,1,1,
80,291,1,1,
80,292,1,1,
80,293,1,1,
80,294,1,1,
80,295,1,1,
80,296,1,1,
80,297,1,1,
80,298,1,1,
80,299,1,1,
80,300,1,1,
80,301,1,1,
80,302,1,1,
80,303,1,1,
80,304,1,1,
80,305,1,1,
80,306,1,1,
80,307,1,1,
122,1,1,1,
122,2,1,1,
122,3,1,1,
122,4,1,1,
122,5,1,1,
122,6,1,1,
122,7,1,1,
122,8,1,1,
122,9,1,1,
122,10,1,1,
122,11,1,1,
122,12,1,1,
122,13,1,1,
122,14,1,1,
122,15,1,1,
122,16,1,1,
122,17,1,1,
122,18,1,1,
122,19,1,1,
122,20,1,1,
122,21,1,1,
122,22,1,1,
122,23,1,1,
122,24,1,1,
122,25,1,1,
122,26,1,1,
122,27,1,1,
122,28,1,1,
122,29,1,1,
122,30,1,1,
122,31,1,1,
122,32,1,1,
122,33,1,1,
122,34,1,1,
122,35,1,1,
122,36,1,1,
122,37,1,1,
122,38,1,1,
122,39,1,1,
122,40,1,1,
122,41,1,1,
122,42,1,1,
122,43,1,1,
122,44,1,1,
122,45,1,1,
122,46,1,1,
122,47,1,1,
122,48,1,1,
122,49,1,1,
122,50,1,1,
122,51,1,1,
122,52,1,1,
122,53,1,1,
122,54,1,1,
122,55,1,1,
122,56,1,1,
122,57,1,1,
122,58,1,1,
122,59,1,1,
122,60,1,1,
122,61,1,1,
122,62,1,1,
122,63,1,1,
122,64,1,1,
122,65,1,1,
122,66,1,1,
122,67,1,1,
122,68,1,1,
122,69,1,1,
122,70,1,1,
122,71,1,1,
122,72,1,1,
122,73,1,1,
122,74,1,1,
122,75,1,1,
122,76,1,1,
122,77,1,1,
122,78,1,1,
122,79,1,1,
122,80,1,1,
122,81,1,1,
122,82,1,1,
122,83,1,1,
122,84,1,1,
122,85,1,1,
122,86,1,1,
122,87,1,1,
122,88,1,1,
122,89,1,1,
122,90,1,1,
122,91,1,1,
122,92,1,1,
122,93,1,1,
122,94,1,1,
122,95,1,1,
122,96,1,1,
122,97,1,1,
122,98,1,1,
122,99,1,1,
122,100,1,1,
122,101,1,1,
122,102,1,1,
122,103,1,1,
122,104,1,1,
122,105,1,1,
122,106,1,1,
122,107,1,1,
122,108,1,1,
122,109,1,1,
122,110,1,1,
122,111,1,1,
122,112,1,1,
122,113,1,1,
122,114,1,1,
122,115,1,1,
122,116,1,1,
122,117,1,1,
122,118,1,1,
122,119,1,1,
122,120,1,1,
122,121,1,1,
122,122,1,1,
122,123,1,1,
122,124,1,1,
122,125,1,1,
122,126,1,1,
122,127,1,1,
122,128,1,1,
122,129,1,1,
122,130,1,1,
122,131,1,1,
122,132,1,1,
122,133,1,1,
122,134,1,1,
122,135,1,1,
122,136,1,1,
122,137,1,1,
122,138,1,1,
122,139,1,1,
122,140,1,1,
122,141,1,1,
122,142,1,1,
122,143,1,1,
122,144,1,1,
122,145,1,1,
122,146,1,1,
122,147,1,1,
82,1,1,1,
82,2,1,1,
82,3,1,1,
82,4,1,1,
82,5,1,1,
82,6,1,1,
82,7,1,1,
82,8,1,1,
38,1,1,1,
38,2,1,1,
38,3,1,1,
38,4,1,1,
38,5,1,1,
38,6,1,1,
38,7,1,1,
38,8,1,1,
38,9,1,1,
38,10,1,1,
38,11,1,1,
38,12,1,1,
38,13,1,1,
38,14,1,1,
38,15,1,1,
38,16,1,1,
38,17,1,1,
38,18,1,1,
38,19,1,1,
38,20,1,1,
38,21,1,1,
38,22,1,1,
38,23,1,1,
38,24,1,1,
38,25,1,1,
38,26,1,1,
38,27,1,1,
38,28,1,1,
38,29,1,1,
38,30,1,1,
38,31,1,1,
38,32,1,1,
38,33,1,1,
38,34,1,1,
38,35,1,1,
38,36,1,1,
38,37,1,1,
38,38,1,1,
38,39,1,1,
38,40,1,1,
38,41,1,1,
38,42,1,1,
38,43,1,1,
38,44,1,1,
38,45,1,1,
38,46,1,1,
38,47,1,1,
38,48,1,1,
38,49,1,1,
38,50,1,1,
38,51,1,1,
38,52,1,1,
38,53,1,1,
38,54,1,1,
38,55,1,1,
38,56,1,1,
38,57,1,1,
38,58,1,1,
38,59,1,1,
38,60,1,1,
38,61,1,1,
38,62,1,1,
38,63,1,1,
38,64,1,1,
38,65,1,1,
38,66,1,1,
38,67,1,1,
38,68,1,1,
38,69,1,1,
38,70,1,1,
38,71,1,1,
38,72,1,1,
38,73,1,1,
38,74,1,1,
38,75,1,1,
38,76,1,1,
38,77,1,1,
38,78,1,1,
38,79,1,1,
38,80,1,1,
38,81,1,1,
38,82,1,1,
38,83,1,1,
38,84,1,1,
38,85,1,1,
38,86,1,1,
38,87,1,1,
38,88,1,1,
38,89,1,1,
38,90,1,1,
38,91,1,1,
38,92,1,1,
38,93,1,1,
38,94,1,1,
38,95,1,1,
38,96,1,1,
38,97,1,1,
38,98,1,1,
38,99,1,1,
38,100,1,1,
38,101,1,1,
38,102,1,1,
38,103,1,1,
38,104,1,1,
38,105,1,1,
38,106,1,1,
38,107,1,1,
38,108,1,1,
38,109,1,1,
38,110,1,1,
38,111,1,1,
38,112,1,1,
38,113,1,1,
38,114,1,1,
38,115,1,1,
38,116,1,1,
38,117,1,1,
38,118,1,1,
38,119,1,1,
38,120,1,1,
38,121,1,1,
38,122,1,1,
38,123,1,1,
38,124,1,1,
38,125,1,1,
38,126,1,1,
38,127,1,1,
38,128,1,1,
38,129,1,1,
38,130,1,1,
38,131,1,1,
38,132,1,1,
38,133,1,1,
38,134,1,1,
38,135,1,1,
38,136,1,1,
38,137,1,1,
38,138,1,1,
38,139,1,1,
38,140,1,1,
38,141,1,1,
38,142,1,1,
38,143,1,1,
38,144,1,1,
38,145,1,1,
38,146,1,1,
38,147,1,1,
38,148,1,1,
38,149,1,1,
38,150,1,1,
38,151,1,1,
38,152,1,1,
38,153,1,1,
38,154,1,1,
38,155,1,1,
38,156,1,1,
38,157,1,1,
38,158,1,1,
38,159,1,1,
38,160,1,1,
38,161,1,1,
38,162,1,1,
38,163,1,1,
38,164,1,1,
38,165,1,1,
38,166,1,1,
38,167,1,1,
38,168,1,1,
38,169,1,1,
38,170,1,1,
38,171,1,1,
38,172,1,1,
38,173,1,1,
38,174,1,1,
38,175,1,1,
38,176,1,1,
38,177,1,1,
38,178,1,1,
38,179,1,1,
38,180,1,1,
38,181,1,1,
38,182,1,1,
38,183,1,1,
38,184,1,1,
38,185,1,1,
38,186,1,1,
38,187,1,1,
38,188,1,1,
38,189,1,1,
38,190,1,1,
38,191,1,1,
38,192,1,1,
38,193,1,1,
38,194,1,1,
38,195,1,1,
38,196,1,1,
38,197,1,1,
38,198,1,1,
38,199,1,1,
38,200,1,1,
38,201,1,1,
38,202,1,1,
38,203,1,1,
38,204,1,1,
38,205,1,1,
38,206,1,1,
38,207,1,1,
38,208,1,1,
38,209,1,1,
38,210,1,1,
38,211,1,1,
38,212,1,1,
38,213,1,1,
38,214,1,1,
38,215,1,1,
38,216,1,1,
38,217,1,1,
38,218,1,1,
38,219,1,1,
38,220,1,1,
38,221,1,1,
38,222,1,1,
38,223,1,1,
38,224,1,1,
38,225,1,1,
38,226,1,1,
38,227,1,1,
38,228,1,1,
38,229,1,1,
38,230,1,1,
38,231,1,1,
38,232,1,1,
38,233,1,1,
38,234,1,1,
38,235,1,1,
38,236,1,1,
38,237,1,1,
38,238,1,1,
38,239,1,1,
38,240,1,1,
38,241,1,1,
38,242,1,1,
38,243,1,1,
38,244,1,1,
38,245,1,1,
38,246,1,1,
38,247,1,1,
38,248,1,1,
38,249,1,1,
38,250,1,1,
38,251,1,1,
38,252,1,1,
38,253,1,1,
38,254,1,1,
38,255,1,1,
38,256,1,1,
38,257,1,1,
38,258,1,1,
38,259,1,1,
38,260,1,1,
38,261,1,1,
38,262,1,1,
38,263,1,1,
38,264,1,1,
38,265,1,1,
38,266,1,1,
38,267,1,1,
38,268,1,1,
38,269,1,1,
38,270,1,1,
38,271,1,1,
38,272,1,1,
38,273,1,1,
38,274,1,1,
38,275,1,1,
38,276,1,1,
38,277,1,1,
38,278,1,1,
38,279,1,1,
38,280,1,1,
38,281,1,1,
38,282,1,1,
38,283,1,1,
38,284,1,1,
38,285,1,1,
38,286,1,1,
38,287,1,1,
38,288,1,1,
38,289,1,1,
38,290,1,1,
38,291,1,1,
38,292,1,1,
38,293,1,1,
38,294,1,1,
38,295,1,1,
38,296,1,1,
38,297,1,1,
38,298,1,1,
38,299,1,1,
38,300,1,1,
38,301,1,1,
38,302,1,1,
38,303,1,1,
38,304,1,1,
38,305,1,1,
38,306,1,1,
38,307,1,1,
38,308,1,1,
38,309,1,1,
38,310,1,1,
38,311,1,1,
38,312,1,1,
38,313,1,1,
38,314,1,1,
38,315,1,1,
38,316,1,1,
38,317,1,1,
38,318,1,1,
38,319,1,1,
38,320,1,1,
38,321,1,1,
38,322,1,1,
38,323,1,1,
38,324,1,1,
38,325,1,1,
38,326,1,1,
38,327,1,1,
38,328,1,1,
38,329,1,1,
38,330,1,1,
38,331,1,1,
38,332,1,1,
38,333,1,1,
38,334,1,1,
38,335,1,1,
38,336,1,1,
38,337,1,1,
38,338,1,1,
38,339,1,1,
38,340,1,1,
38,341,1,1,
38,342,1,1,
38,343,1,1,
38,344,1,1,
38,345,1,1,
38,346,1,1,
38,347,1,1,
38,348,1,1,
38,349,1,1,
38,350,1,1,
38,351,1,1,
38,352,1,1,
38,353,1,1,
38,354,1,1,
38,355,1,1,
38,356,1,1,
38,357,1,1,
38,358,1,1,
38,359,1,1,
38,360,1,1,
38,361,1,1,
38,362,1,1,
38,363,1,1,
38,364,1,1,
38,365,1,1,
38,366,1,1,
38,367,1,1,
38,368,1,1,
38,369,1,1,
38,370,1,1,
38,371,1,1,
83,1,1,1,
83,2,1,1,
83,3,1,1,
83,4,1,1,
83,5,1,1,
83,6,1,1,
83,7,1,1,
83,8,1,1,
83,9,1,1,
39,1,1,1,
39,2,1,1,
39,3,1,1,
39,4,1,1,
39,5,1,1,
39,6,1,1,
39,7,1,1,
39,8,1,1,
39,9,1,1,
39,10,1,1,
39,11,1,1,
39,12,1,1,
39,13,1,1,
39,14,1,1,
39,15,1,1,
39,16,1,1,
39,17,1,1,
39,18,1,1,
39,19,1,1,
39,20,1,1,
39,21,1,1,
39,22,1,1,
39,23,1,1,
39,24,1,1,
39,25,1,1,
39,26,1,1,
39,27,1,1,
39,28,1,1,
39,29,1,1,
39,30,1,1,
39,31,1,1,
39,32,1,1,
39,33,1,1,
39,34,1,1,
39,35,1,1,
39,36,1,1,
39,37,1,1,
39,38,1,1,
39,39,1,1,
39,40,1,1,
39,41,1,1,
39,42,1,1,
39,43,1,1,
39,44,1,1,
39,45,1,1,
39,46,1,1,
39,47,1,1,
39,48,1,1,
39,49,1,1,
39,50,1,1,
39,51,1,1,
39,52,1,1,
39,53,1,1,
39,54,1,1,
39,55,1,1,
39,56,1,1,
39,57,1,1,
39,58,1,1,
39,59,1,1,
39,60,1,1,
39,61,1,1,
39,62,1,1,
39,63,1,1,
39,64,1,1,
39,65,1,1,
39,66,1,1,
39,67,1,1,
39,68,1,1,
39,69,1,1,
39,70,1,1,
39,71,1,1,
39,72,1,1,
39,73,1,1,
39,74,1,1,
39,75,1,1,
39,76,1,1,
39,77,1,1,
39,78,1,1,
39,79,1,1,
39,80,1,1,
39,81,1,1,
39,82,1,1,
39,83,1,1,
39,84,1,1,
39,85,1,1,
39,86,1,1,
39,87,1,1,
39,88,1,1,
39,89,1,1,
39,90,1,1,
39,91,1,1,
39,92,1,1,
39,93,1,1,
39,94,1,1,
39,95,1,1,
39,96,1,1,
39,97,1,1,
39,98,1,1,
39,99,1,1,
39,100,1,1,
39,101,1,1,
39,102,1,1,
39,103,1,1,
39,104,1,1,
39,105,1,1,
39,106,1,1,
39,107,1,1,
39,108,1,1,
39,109,1,1,
39,110,1,1,
39,111,1,1,
39,112,1,1,
39,113,1,1,
39,114,1,1,
39,115,1,1,
39,116,1,1,
39,117,1,1,
39,118,1,1,
39,119,1,1,
39,120,1,1,
39,121,1,1,
39,122,1,1,
39,123,1,1,
39,124,1,1,
39,125,1,1,
39,126,1,1,
39,127,1,1,
39,128,1,1,
39,129,1,1,
39,130,1,1,
39,131,1,1,
39,132,1,1,
39,133,1,1,
39,134,1,1,
39,135,1,1,
39,136,1,1,
39,137,1,1,
39,138,1,1,
39,139,1,1,
39,140,1,1,
39,141,1,1,
39,142,1,1,
39,143,1,1,
39,144,1,1,
39,145,1,1,
39,146,1,1,
39,147,1,1,
39,148,1,1,
39,149,1,1,
39,150,1,1,
39,151,1,1,
39,152,1,1,
39,153,1,1,
39,154,1,1,
39,155,1,1,
39,156,1,1,
39,157,1,1,
39,158,1,1,
39,159,1,1,
39,160,1,1,
39,161,1,1,
39,162,1,1,
39,163,1,1,
39,164,1,1,
39,165,1,1,
39,166,1,1,
39,167,1,1,
39,168,1,1,
39,169,1,1,
39,170,1,1,
39,171,1,1,
39,172,1,1,
39,173,1,1,
39,174,1,1,
39,175,1,1,
39,176,1,1,
39,177,1,1,
39,178,1,1,
39,179,1,1,
39,180,1,1,
39,181,1,1,
39,182,1,1,
39,183,1,1,
39,184,1,1,
39,185,1,1,
39,186,1,1,
39,187,1,1,
39,188,1,1,
39,189,1,1,
39,190,1,1,
39,191,1,1,
39,192,1,1,
39,193,1,1,
39,194,1,1,
39,195,1,1,
39,196,1,1,
39,197,1,1,
39,198,1,1,
39,199,1,1,
39,200,1,1,
39,201,1,1,
39,202,1,1,
39,203,1,1,
39,204,1,1,
39,205,1,1,
39,206,1,1,
39,207,1,1,
39,208,1,1,
39,209,1,1,
39,210,1,1,
39,211,1,1,
39,212,1,1,
39,213,1,1,
39,214,1,1,
39,215,1,1,
39,216,1,1,
39,217,1,1,
39,218,1,1,
39,219,1,1,
39,220,1,1,
39,221,1,1,
39,222,1,1,
39,223,1,1,
39,224,1,1,
39,225,1,1,
39,226,1,1,
39,227,1,1,
39,228,1,1,
39,229,1,1,
39,230,1,1,
39,231,1,1,
39,232,1,1,
39,233,1,1,
39,234,1,1,
39,235,1,1,
39,236,1,1,
39,237,1,1,
39,238,1,1,
39,239,1,1,
39,240,1,1,
39,241,1,1,
39,242,1,1,
39,243,1,1,
39,244,1,1,
39,245,1,1,
39,246,1,1,
39,247,1,1,
39,248,1,1,
39,249,1,1,
39,250,1,1,
39,251,1,1,
39,252,1,1,
39,253,1,1,
39,254,1,1,
39,255,1,1,
39,256,1,1,
39,257,1,1,
39,258,1,1,
39,259,1,1,
39,260,1,1,
39,261,1,1,
39,262,1,1,
39,263,1,1,
39,264,1,1,
39,265,1,1,
39,266,1,1,
39,267,1,1,
39,268,1,1,
39,269,1,1,
39,270,1,1,
39,271,1,1,
39,272,1,1,
39,273,1,1,
39,274,1,1,
39,275,1,1,
39,276,1,1,
39,277,1,1,
39,278,1,1,
39,279,1,1,
39,280,1,1,
39,281,1,1,
39,282,1,1,
39,283,1,1,
39,284,1,1,
39,285,1,1,
84,1,1,1,
84,2,1,1,
84,3,1,1,
84,4,1,1,
84,5,1,1,
84,6,1,1,
84,7,1,1,
84,8,1,1,
40,1,1,1,
40,2,1,1,
40,3,1,1,
40,4,1,1,
40,5,1,1,
40,6,1,1,
40,7,1,1,
40,8,1,1,
40,9,1,1,
40,10,1,1,
40,11,1,1,
40,12,1,1,
40,13,1,1,
40,14,1,1,
40,15,1,1,
40,16,1,1,
40,17,1,1,
40,18,1,1,
40,19,1,1,
40,20,1,1,
40,21,1,1,
40,22,1,1,
40,23,1,1,
40,24,1,1,
40,25,1,1,
40,26,1,1,
40,27,1,1,
40,28,1,1,
40,29,1,1,
40,30,1,1,
40,31,1,1,
40,32,1,1,
40,33,1,1,
40,34,1,1,
40,35,1,1,
40,36,1,1,
40,37,1,1,
40,38,1,1,
40,39,1,1,
40,40,1,1,
40,41,1,1,
40,42,1,1,
40,43,1,1,
40,44,1,1,
40,45,1,1,
40,46,1,1,
40,47,1,1,
40,48,1,1,
40,49,1,1,
40,50,1,1,
40,51,1,1,
40,52,1,1,
40,53,1,1,
40,54,1,1,
40,55,1,1,
40,56,1,1,
40,57,1,1,
40,58,1,1,
40,59,1,1,
40,60,1,1,
40,61,1,1,
40,62,1,1,
40,63,1,1,
40,64,1,1,
40,65,1,1,
40,66,1,1,
40,67,1,1,
40,68,1,1,
40,69,1,1,
40,70,1,1,
40,71,1,1,
40,72,1,1,
40,73,1,1,
40,74,1,1,
40,75,1,1,
40,76,1,1,
40,77,1,1,
40,78,1,1,
40,79,1,1,
40,80,1,1,
40,81,1,1,
40,82,1,1,
40,83,1,1,
40,84,1,1,
40,85,1,1,
40,86,1,1,
40,87,1,1,
40,88,1,1,
40,89,1,1,
40,90,1,1,
40,91,1,1,
40,92,1,1,
40,93,1,1,
40,94,1,1,
40,95,1,1,
40,96,1,1,
40,97,1,1,
40,98,1,1,
40,99,1,1,
40,100,1,1,
40,101,1,1,
40,102,1,1,
40,103,1,1,
40,104,1,1,
40,105,1,1,
40,106,1,1,
40,107,1,1,
40,108,1,1,
40,109,1,1,
40,110,1,1,
40,111,1,1,
40,112,1,1,
40,113,1,1,
40,114,1,1,
40,115,1,1,
40,116,1,1,
40,117,1,1,
40,118,1,1,
40,119,1,1,
40,120,1,1,
40,121,1,1,
40,122,1,1,
40,123,1,1,
40,124,1,1,
40,125,1,1,
40,126,1,1,
40,127,1,1,
40,128,1,1,
40,129,1,1,
40,130,1,1,
40,131,1,1,
40,132,1,1,
40,133,1,1,
40,134,1,1,
40,135,1,1,
85,1,1,1,
85,2,1,1,
85,3,1,1,
85,4,1,1,
85,5,1,1,
85,6,1,1,
85,7,1,1,
85,8,1,1,
41,1,1,1,
41,2,1,1,
41,3,1,1,
41,4,1,1,
41,5,1,1,
41,6,1,1,
41,7,1,1,
41,8,1,1,
41,9,1,1,
41,10,1,1,
41,11,1,1,
41,12,1,1,
41,13,1,1,
41,14,1,1,
41,15,1,1,
41,16,1,1,
41,17,1,1,
41,18,1,1,
41,19,1,1,
41,20,1,1,
41,21,1,1,
41,22,1,1,
41,23,1,1,
41,24,1,1,
41,25,1,1,
41,26,1,1,
41,27,1,1,
41,28,1,1,
41,29,1,1,
41,30,1,1,
41,31,1,1,
41,32,1,1,
41,33,1,1,
41,34,1,1,
41,35,1,1,
41,36,1,1,
41,37,1,1,
41,38,1,1,
41,39,1,1,
41,40,1,1,
41,41,1,1,
41,42,1,1,
41,43,1,1,
41,44,1,1,
41,45,1,1,
41,46,1,1,
41,47,1,1,
41,48,1,1,
41,49,1,1,
41,50,1,1,
41,51,1,1,
41,52,1,1,
41,53,1,1,
41,54,1,1,
41,55,1,1,
41,56,1,1,
41,57,1,1,
41,58,1,1,
41,59,1,1,
41,60,1,1,
41,61,1,1,
41,62,1,1,
41,63,1,1,
41,64,1,1,
41,65,1,1,
41,66,1,1,
41,67,1,1,
41,68,1,1,
41,69,1,1,
41,70,1,1,
41,71,1,1,
41,72,1,1,
41,73,1,1,
41,74,1,1,
41,75,1,1,
41,76,1,1,
41,77,1,1,
41,78,1,1,
41,79,1,1,
41,80,1,1,
41,81,1,1,
41,82,1,1,
41,83,1,1,
41,84,1,1,
41,85,1,1,
41,86,1,1,
41,87,1,1,
41,88,1,1,
41,89,1,1,
41,90,1,1,
41,91,1,1,
41,92,1,1,
41,93,1,1,
41,94,1,1,
41,95,1,1,
41,96,1,1,
41,97,1,1,
41,98,1,1,
41,99,1,1,
41,100,1,1,
41,101,1,1,
41,102,1,1,
41,103,1,1,
41,104,1,1,
41,105,1,1,
41,106,1,1,
41,107,1,1,
41,108,1,1,
41,109,1,1,
41,110,1,1,
41,111,1,1,
41,112,1,1,
41,113,1,1,
41,114,1,1,
41,115,1,1,
41,116,1,1,
41,117,1,1,
41,118,1,1,
41,119,1,1,
41,120,1,1,
41,121,1,1,
41,122,1,1,
41,123,1,1,
41,124,1,1,
41,125,1,1,
41,126,1,1,
41,127,1,1,
41,128,1,1,
41,129,1,1,
41,130,1,1,
41,131,1,1,
41,132,1,1,
41,133,1,1,
41,134,1,1,
41,135,1,1,
41,136,1,1,
41,137,1,1,
41,138,1,1,
41,139,1,1,
41,140,1,1,
41,141,1,1,
41,142,1,1,
41,143,1,1,
41,144,1,1,
41,145,1,1,
41,146,1,1,
41,147,1,1,
41,148,1,1,
41,149,1,1,
41,150,1,1,
41,151,1,1,
41,152,1,1,
41,153,1,1,
41,154,1,1,
41,155,1,1,
41,156,1,1,
41,157,1,1,
41,158,1,1,
41,159,1,1,
41,160,1,1,
41,161,1,1,
41,162,1,1,
41,163,1,1,
41,164,1,1,
41,165,1,1,
41,166,1,1,
41,167,1,1,
41,168,1,1,
41,169,1,1,
41,170,1,1,
41,171,1,1,
41,172,1,1,
41,173,1,1,
41,174,1,1,
41,175,1,1,
41,176,1,1,
41,177,1,1,
41,178,1,1,
41,179,1,1,
41,180,1,1,
41,181,1,1,
41,182,1,1,
41,183,1,1,
41,184,1,1,
41,185,1,1,
41,186,1,1,
41,187,1,1,
41,188,1,1,
41,189,1,1,
41,190,1,1,
41,191,1,1,
41,192,1,1,
41,193,1,1,
41,194,1,1,
41,195,1,1,
41,196,1,1,
41,197,1,1,
41,198,1,1,
41,199,1,1,
41,200,1,1,
41,201,1,1,
41,202,1,1,
41,203,1,1,
41,204,1,1,
41,205,1,1,
41,206,1,1,
41,207,1,1,
41,208,1,1,
41,209,1,1,
41,210,1,1,
41,211,1,1,
41,212,1,1,
41,213,1,1,
41,214,1,1,
41,215,1,1,
41,216,1,1,
41,217,1,1,
41,218,1,1,
41,219,1,1,
41,220,1,1,
41,221,1,1,
41,222,1,1,
41,223,1,1,
41,224,1,1,
41,225,1,1,
41,226,1,1,
41,227,1,1,
41,228,1,1,
41,229,1,1,
41,230,1,1,
41,231,1,1,
41,232,1,1,
41,233,1,1,
41,234,1,1,
41,235,1,1,
41,236,1,1,
41,237,1,1,
41,238,1,1,
41,239,1,1,
41,240,1,1,
41,241,1,1,
41,242,1,1,
41,243,1,1,
41,244,1,1,
41,245,1,1,
41,246,1,1,
41,247,1,1,
41,248,1,1,
41,249,1,1,
41,250,1,1,
41,251,1,1,
41,252,1,1,
41,253,1,1,
41,254,1,1,
41,255,1,1,
41,256,1,1,
41,257,1,1,
41,258,1,1,
41,259,1,1,
41,260,1,1,
41,261,1,1,
41,262,1,1,
41,263,1,1,
41,264,1,1,
41,265,1,1,
41,266,1,1,
41,267,1,1,
41,268,1,1,
41,269,1,1,
41,270,1,1,
41,271,1,1,
41,272,1,1,
41,273,1,1,
41,274,1,1,
41,275,1,1,
41,276,1,1,
41,277,1,1,
41,278,1,1,
41,279,1,1,
41,280,1,1,
41,281,1,1,
41,282,1,1,
41,283,1,1,
41,284,1,1,
41,285,1,1,
41,286,1,1,
41,287,1,1,
41,288,1,1,
41,289,1,1,
41,290,1,1,
41,291,1,1,
41,292,1,1,
41,293,1,1,
41,294,1,1,
86,1,1,1,
86,2,1,1,
86,3,1,1,
86,4,1,1,
86,5,1,1,
86,6,1,1,
86,7,1,1,
86,8,1,1,
42,1,1,1,
42,2,1,1,
42,3,1,1,
42,4,1,1,
42,5,1,1,
42,6,1,1,
42,7,1,1,
42,8,1,1,
42,9,1,1,
42,10,1,1,
42,11,1,1,
42,12,1,1,
42,13,1,1,
42,14,1,1,
42,15,1,1,
42,16,1,1,
42,17,1,1,
42,18,1,1,
42,19,1,1,
42,20,1,1,
42,21,1,1,
42,22,1,1,
42,23,1,1,
42,24,1,1,
42,25,1,1,
42,26,1,1,
42,27,1,1,
42,28,1,1,
42,29,1,1,
42,30,1,1,
42,31,1,1,
42,32,1,1,
42,33,1,1,
42,34,1,1,
42,35,1,1,
42,36,1,1,
42,37,1,1,
42,38,1,1,
42,39,1,1,
42,40,1,1,
42,41,1,1,
42,42,1,1,
42,43,1,1,
42,44,1,1,
42,45,1,1,
42,46,1,1,
42,47,1,1,
42,48,1,1,
42,49,1,1,
42,50,1,1,
42,51,1,1,
42,52,1,1,
42,53,1,1,
42,54,1,1,
42,55,1,1,
42,56,1,1,
42,57,1,1,
42,58,1,1,
42,59,1,1,
42,60,1,1,
42,61,1,1,
42,62,1,1,
42,63,1,1,
42,64,1,1,
42,65,1,1,
42,66,1,1,
42,67,1,1,
42,68,1,1,
42,69,1,1,
42,70,1,1,
42,71,1,1,
42,72,1,1,
42,73,1,1,
42,74,1,1,
42,75,1,1,
42,76,1,1,
42,77,1,1,
42,78,1,1,
42,79,1,1,
42,80,1,1,
42,81,1,1,
42,82,1,1,
42,83,1,1,
42,84,1,1,
42,85,1,1,
42,86,1,1,
42,87,1,1,
42,88,1,1,
42,89,1,1,
42,90,1,1,
42,91,1,1,
42,92,1,1,
42,93,1,1,
42,94,1,1,
42,95,1,1,
42,96,1,1,
42,97,1,1,
42,98,1,1,
42,99,1,1,
42,100,1,1,
42,101,1,1,
42,102,1,1,
42,103,1,1,
42,104,1,1,
42,105,1,1,
42,106,1,1,
42,107,1,1,
42,108,1,1,
42,109,1,1,
42,110,1,1,
42,111,1,1,
42,112,1,1,
42,113,1,1,
42,114,1,1,
42,115,1,1,
42,116,1,1,
42,117,1,1,
42,118,1,1,
42,119,1,1,
42,120,1,1,
42,121,1,1,
42,122,1,1,
42,123,1,1,
42,124,1,1,
42,125,1,1,
42,126,1,1,
42,127,1,1,
42,128,1,1,
42,129,1,1,
42,130,1,1,
42,131,1,1,
42,132,1,1,
42,133,1,1,
42,134,1,1,
42,135,1,1,
42,136,1,1,
42,137,1,1,
42,138,1,1,
42,139,1,1,
42,140,1,1,
42,141,1,1,
42,142,1,1,
42,143,1,1,
42,144,1,1,
42,145,1,1,
42,146,1,1,
42,147,1,1,
42,148,1,1,
42,149,1,1,
42,150,1,1,
42,151,1,1,
42,152,1,1,
42,153,1,1,
42,154,1,1,
42,155,1,1,
124,1,1,1,
124,2,1,1,
124,3,1,1,
124,4,1,1,
124,5,1,1,
124,6,1,1,
124,7,1,1,
124,8,1,1,
124,9,1,1,
124,10,1,1,
124,11,1,1,
124,12,1,1,
124,13,1,1,
124,14,1,1,
124,15,1,1,
124,16,1,1,
124,17,1,1,
124,18,1,1,
124,19,1,1,
124,20,1,1,
124,21,1,1,
124,22,1,1,
124,23,1,1,
124,24,1,1,
124,25,1,1,
124,26,1,1,
124,27,1,1,
124,28,1,1,
124,29,1,1,
124,30,1,1,
124,31,1,1,
124,32,1,1,
124,33,1,1,
124,34,1,1,
124,35,1,1,
124,36,1,1,
125,1,1,1,
125,2,1,1,
125,3,1,1,
125,4,1,1,
125,5,1,1,
125,6,1,1,
125,7,1,1,
125,8,1,1,
125,9,1,1,
125,10,1,1,
125,11,1,1,
125,12,1,1,
125,13,1,1,
125,14,1,1,
125,15,1,1,
125,16,1,1,
125,17,1,1,
125,18,1,1,
125,19,1,1,
125,20,1,1,
125,21,1,1,
125,22,1,1,
125,23,1,1,
125,24,1,1,
125,25,1,1,
125,26,1,1,
125,27,1,1,
125,28,1,1,
125,29,1,1,
125,30,1,1,
125,31,1,1,
125,32,1,1,
125,33,1,1,
125,34,1,1,
125,35,1,1,
125,36,1,1,
125,37,1,1,
125,38,1,1,
125,39,1,1,
125,40,1,1,
125,41,1,1,
125,42,1,1,
125,43,1,1,
125,44,1,1,
125,45,1,1,
126,1,1,1,
126,2,1,1,
126,3,1,1,
126,4,1,1,
126,5,1,1,
126,6,1,1,
126,7,1,1,
126,8,1,1,
126,9,1,1,
126,10,1,1,
126,11,1,1,
126,12,1,1,
126,13,1,1,
126,14,1,1,
129,1,1,1,
129,2,1,1,
129,3,1,1,
129,4,1,1,
129,5,1,1,
129,6,1,1,
129,7,1,1,
129,8,1,1,
129,9,1,1,
129,10,1,1,
129,11,1,1,
129,12,1,1,
129,13,1,1,
129,14,1,1,
129,15,1,1,
129,16,1,1,
129,17,1,1,
129,18,1,1,
129,19,1,1,
129,20,1,1,
129,21,1,1,
129,22,1,1,
129,23,1,1,
129,24,1,1,
129,25,1,1,
129,26,1,1,
129,27,1,1,
129,28,1,1,
129,29,1,1,
129,30,1,1,
129,31,1,1,
129,32,1,1,
129,33,1,1,
129,34,1,1,
129,35,1,1,
129,36,1,1,
129,37,1,1,
129,38,1,1,
129,39,1,1,
129,40,1,1,
129,41,1,1,
129,42,1,1,
129,43,1,1,
129,44,1,1,
129,45,1,1,
129,46,1,1,
129,47,1,1,
129,48,1,1,
129,49,1,1,
129,50,1,1,
129,51,1,1,
129,52,1,1,
129,53,1,1,
129,54,1,1,
129,55,1,1,
129,56,1,1,
129,57,1,1,
129,58,1,1,
129,59,1,1,
129,60,1,1,
129,61,1,1,
129,62,1,1,
129,63,1,1,
129,64,1,1,
129,65,1,1,
129,66,1,1,
129,67,1,1,
129,68,1,1,
129,69,1,1,
129,70,1,1,
129,71,1,1,
129,72,1,1,
129,73,1,1,
129,74,1,1,
129,75,1,1,
129,76,1,1,
129,77,1,1,
129,78,1,1,
129,79,1,1,
129,80,1,1,
129,81,1,1,
129,82,1,1,
129,83,1,1,
129,84,1,1,
129,85,1,1,
129,86,1,1,
129,87,1,1,
129,88,1,1,
129,89,1,1,
129,90,1,1,
129,91,1,1,
129,92,1,1,
129,93,1,1,
129,94,1,1,
129,95,1,1,
130,1,1,1,
130,2,1,1,
130,3,1,1,
130,4,1,1,
130,5,1,1,
130,6,1,1,
130,7,1,1,
130,8,1,1,
130,9,1,1,
130,10,1,1,
130,11,1,1,
130,12,1,1,
130,13,1,1,
130,14,1,1,
130,15,1,1,
130,16,1,1,
130,17,1,1,
130,18,1,1,
130,19,1,1,
130,20,1,1,
130,21,1,1,
130,22,1,1,
130,23,1,1,
130,24,1,1,
130,25,1,1,
130,26,1,1,
130,27,1,1,
130,28,1,1,
130,29,1,1,
130,30,1,1,
130,31,1,1,
130,32,1,1,
130,33,1,1,
130,34,1,1,
130,35,1,1,
130,36,1,1,
130,37,1,1,
130,38,1,1,
130,39,1,1,
130,40,1,1,
130,41,1,1,
130,42,1,1,
130,43,1,1,
130,44,1,1,
130,45,1,1,
130,46,1,1,
130,47,1,1,
130,48,1,1,
130,49,1,1,
130,50,1,1,
130,51,1,1,
130,52,1,1,
130,53,1,1,
130,54,1,1,
130,55,1,1,
130,56,1,1,
130,57,1,1,
130,58,1,1,
130,59,1,1,
130,60,1,1,
130,61,1,1,
130,62,1,1,
130,63,1,1,
130,64,1,1,
130,65,1,1,
130,66,1,1,
130,67,1,1,
130,68,1,1,
130,69,1,1,
130,70,1,1,
130,71,1,1,
130,72,1,1,
130,73,1,1,
130,74,1,1,
130,75,1,1,
130,76,1,1,
130,77,1,1,
130,78,1,1,
130,79,1,1,
130,80,1,1,
130,81,1,1,
130,82,1,1,
43,1,1,1,
43,2,1,1,
43,3,1,1,
43,4,1,1,
43,5,1,1,
43,6,1,1,
43,7,1,1,
43,8,1,1,
44,1,1,1,
44,2,1,1,
44,3,1,1,
44,4,1,1,
44,5,1,1,
44,6,1,1,
44,7,1,1,
44,8,1,1,
81,1,1,1,
81,2,1,1,
81,3,1,1,
81,4,1,1,
81,5,1,1,
81,6,1,1,
81,7,1,1,
81,8,1,1,
123,1,1,1,
123,2,1,1,
123,3,1,1,
123,4,1,1,
123,5,1,1,
123,6,1,1,
123,7,1,1,
123,8,1,1,
127,1,1,1,
127,2,1,1,
127,3,1,1,
127,4,1,1,
127,5,1,1,
127,6,1,1,
127,7,1,1,
127,8,1,1,
128,1,1,1,
128,2,1,1,
128,3,1,1,
128,4,1,1,
128,5,1,1,
128,6,1,1,
128,7,1,1,
128,8,1,1,
